RecordingID,TotalFrames,TotalPitchFrames,CandidateF0Frames,RejectedNonPeakFrames,RejectedJumpFrames,RejectedShortRunFrames,ValidF0Frames,VoicedFraction,PeakAmplitude,ClippingSamples
03-01-01-01-01-01-01,328,326,60,0,1,1,58,0.177914110429448,0.0401183366775513,0
03-01-01-01-01-01-02,362,359,81,0,0,4,77,0.214484679665738,0.0740069597959518,0
03-01-01-01-01-01-03,342,339,75,0,0,3,72,0.212389380530973,0.0661992058157921,0
03-01-01-01-01-01-04,328,326,101,0,0,1,100,0.306748466257669,0.0404409803450108,0
03-01-01-01-01-01-05,358,356,73,0,0,4,69,0.193820224719101,0.0381605662405491,0
03-01-01-01-01-01-06,332,329,91,0,0,1,90,0.273556231003039,0.0270644947886467,0
03-01-01-01-01-01-07,388,386,129,0,0,2,127,0.329015544041451,0.0511726140975952,0
03-01-01-01-01-01-08,348,346,113,0,0,0,113,0.326589595375723,0.038244940340519,0
03-01-01-01-01-01-09,325,322,146,60,0,3,83,0.257763975155279,0.0204309336841106,0
03-01-01-01-01-01-10,352,349,132,0,0,0,132,0.378223495702006,0.116929017007351,0
03-01-01-01-01-01-11,312,309,79,0,0,0,79,0.255663430420712,0.0281667206436396,0
03-01-01-01-01-01-12,362,359,132,0,0,4,128,0.356545961002786,0.0378704145550728,0
03-01-01-01-01-01-13,315,312,69,0,0,3,66,0.211538461538462,0.0417709648609161,0
03-01-01-01-01-01-14,345,343,100,0,0,0,100,0.291545189504373,0.0184009540826082,0
03-01-01-01-01-01-15,335,333,81,0,0,3,78,0.234234234234234,0.101023599505424,0
03-01-01-01-01-01-16,372,369,111,0,0,2,109,0.295392953929539,0.0438598096370697,0
03-01-01-01-01-01-17,382,379,114,0,0,0,114,0.300791556728232,0.0833081379532814,0
03-01-01-01-01-01-18,345,343,127,0,0,0,127,0.370262390670554,0.0179801844060421,0
03-01-01-01-01-01-19,335,333,105,0,0,3,102,0.306306306306306,0.0311419777572155,0
03-01-01-01-01-01-20,345,343,94,0,0,0,94,0.274052478134111,0.020684041082859,0
03-01-01-01-01-01-21,382,379,87,0,0,4,83,0.218997361477573,0.117460578680038,0
03-01-01-01-01-01-22,362,359,134,0,0,3,131,0.364902506963788,0.0288076866418123,0
03-01-01-01-01-01-23,378,376,127,0,0,2,125,0.332446808510638,0.0833222791552544,0
03-01-01-01-01-01-24,368,366,122,0,1,2,119,0.325136612021858,0.0351907722651958,0
03-01-01-01-01-02-01,332,329,83,0,0,0,83,0.252279635258359,0.0474851205945015,0
03-01-01-01-01-02-02,358,356,92,0,0,0,92,0.258426966292135,0.0627830177545547,0
03-01-01-01-01-02-03,348,346,76,0,0,5,71,0.205202312138728,0.0652856975793839,0
03-01-01-01-01-02-04,335,333,102,0,0,0,102,0.306306306306306,0.0449540801346302,0
03-01-01-01-01-02-05,362,359,58,0,0,3,55,0.153203342618384,0.0375504307448864,0
03-01-01-01-01-02-06,358,356,131,0,0,4,127,0.356741573033708,0.0298349112272263,0
03-01-01-01-01-02-07,378,376,134,0,0,3,131,0.348404255319149,0.0483087636530399,0
03-01-01-01-01-02-08,362,359,120,0,0,1,119,0.331476323119777,0.032752338796854,0
03-01-01-01-01-02-09,318,316,90,0,0,1,89,0.281645569620253,0.0161781087517738,0
03-01-01-01-01-02-10,382,379,127,0,0,3,124,0.327176781002639,0.114123940467834,0
03-01-01-01-01-02-11,308,306,89,0,0,2,87,0.284313725490196,0.0304926875978708,0
03-01-01-01-01-02-12,352,349,137,0,0,0,137,0.392550143266476,0.0327410697937012,0
03-01-01-01-01-02-13,318,316,72,0,0,8,64,0.20253164556962,0.0475470460951328,0
03-01-01-01-01-02-14,332,329,90,0,0,2,88,0.267477203647416,0.0155851542949677,0
03-01-01-01-01-02-15,342,339,68,0,0,1,67,0.1976401179941,0.0982996448874474,0
03-01-01-01-01-02-16,372,369,113,0,0,1,112,0.303523035230352,0.0539909265935421,0
03-01-01-01-01-02-17,348,346,74,0,0,7,67,0.19364161849711,0.0893911272287369,0
03-01-01-01-01-02-18,352,349,132,0,0,1,131,0.375358166189112,0.020554767921567,0
03-01-01-01-01-02-19,322,319,99,0,0,1,98,0.307210031347962,0.0326226204633713,0
03-01-01-01-01-02-20,355,353,117,0,0,2,115,0.325779036827195,0.0323490276932716,0
03-01-01-01-01-02-21,395,393,89,0,0,7,82,0.208651399491094,0.114756993949413,0
03-01-01-01-01-02-22,342,339,115,0,0,0,115,0.339233038348083,0.0468047671020031,0
03-01-01-01-01-02-23,372,369,111,0,0,8,103,0.279132791327913,0.0841170623898506,0
03-01-01-01-01-02-24,362,359,118,0,0,1,117,0.325905292479109,0.0397654250264168,0
03-01-01-01-02-01-01,325,322,70,0,0,1,69,0.214285714285714,0.0586846098303795,0
03-01-01-01-02-01-02,375,373,102,0,0,2,100,0.268096514745308,0.11015460640192,0
03-01-01-01-02-01-03,348,346,76,0,0,1,75,0.216763005780347,0.0632167309522629,0
03-01-01-01-02-01-04,325,322,99,0,0,0,99,0.307453416149068,0.0547078922390938,0
03-01-01-01-02-01-05,308,306,63,0,0,1,62,0.202614379084967,0.04054269567132,0
03-01-01-01-02-01-06,338,336,106,0,0,0,106,0.31547619047619,0.0412354320287704,0
03-01-01-01-02-01-07,412,409,138,0,0,0,138,0.337408312958435,0.045806098729372,0
03-01-01-01-02-01-08,352,349,116,0,0,0,116,0.332378223495702,0.0353280268609524,0
03-01-01-01-02-01-09,332,329,77,0,0,8,69,0.209726443768997,0.0144809978082776,0
03-01-01-01-02-01-10,372,369,153,0,1,0,152,0.411924119241192,0.113746263086796,0
03-01-01-01-02-01-11,318,316,89,0,4,1,84,0.265822784810127,0.027079600840807,0
03-01-01-01-02-01-12,358,356,146,0,0,0,146,0.410112359550562,0.0410030893981457,0
03-01-01-01-02-01-13,305,302,67,0,0,1,66,0.218543046357616,0.041532576084137,0
03-01-01-01-02-01-14,345,343,95,0,0,0,95,0.276967930029155,0.0188925825059414,0
03-01-01-01-02-01-15,342,339,71,0,0,0,71,0.209439528023599,0.0743287280201912,0
03-01-01-01-02-01-16,358,356,117,0,0,4,113,0.317415730337079,0.062857486307621,0
03-01-01-01-02-01-17,348,346,102,0,0,0,102,0.294797687861272,0.0943278521299362,0
03-01-01-01-02-01-18,345,343,130,0,0,1,129,0.376093294460641,0.0197174213826656,0
03-01-01-01-02-01-19,332,329,102,0,0,2,100,0.303951367781155,0.0236225537955761,0
03-01-01-01-02-01-20,342,339,101,0,1,0,100,0.294985250737463,0.0341466777026653,0
03-01-01-01-02-01-21,358,356,72,0,7,13,52,0.146067415730337,0.130793064832687,0
03-01-01-01-02-01-22,358,356,132,0,0,0,132,0.370786516853933,0.0491113662719727,0
03-01-01-01-02-01-23,365,363,111,0,0,0,111,0.305785123966942,0.111932851374149,0
03-01-01-01-02-01-24,362,359,126,0,1,1,124,0.345403899721448,0.0547601841390133,0
03-01-01-01-02-02-01,315,312,66,0,0,3,63,0.201923076923077,0.062194898724556,0
03-01-01-01-02-02-02,358,356,90,0,0,0,90,0.252808988764045,0.0894710347056389,0
03-01-01-01-02-02-03,345,343,83,0,0,4,79,0.230320699708455,0.0898095443844795,0
03-01-01-01-02-02-04,322,319,91,0,0,0,91,0.285266457680251,0.042309008538723,0
03-01-01-01-02-02-05,358,356,82,0,0,5,77,0.216292134831461,0.0297660306096077,0
03-01-01-01-02-02-06,342,339,119,0,0,0,119,0.351032448377581,0.0408342108130455,0
03-01-01-01-02-02-07,372,369,133,0,0,2,131,0.355013550135501,0.0437150597572327,0
03-01-01-01-02-02-08,348,346,109,0,0,2,107,0.309248554913295,0.0346832200884819,0
03-01-01-01-02-02-09,322,319,95,0,0,1,94,0.294670846394984,0.0169353894889355,0
03-01-01-01-02-02-10,365,363,136,0,0,2,134,0.369146005509642,0.0916265919804573,0
03-01-01-01-02-02-11,315,312,80,0,3,0,77,0.246794871794872,0.0260423682630062,0
03-01-01-01-02-02-12,362,359,150,0,0,0,150,0.417827298050139,0.0359109975397587,0
03-01-01-01-02-02-13,312,309,63,0,0,3,60,0.194174757281553,0.0493603646755219,0
03-01-01-01-02-02-14,355,353,111,0,0,2,109,0.308781869688385,0.0221170466393232,0
03-01-01-01-02-02-15,338,336,92,0,0,5,87,0.258928571428571,0.0944219902157784,0
03-01-01-01-02-02-16,355,353,115,0,0,0,115,0.325779036827195,0.0679189264774323,0
03-01-01-01-02-02-17,345,343,105,0,0,2,103,0.300291545189504,0.080871969461441,0
03-01-01-01-02-02-18,345,343,130,0,0,0,130,0.379008746355685,0.0195304527878761,0
03-01-01-01-02-02-19,328,326,94,0,0,2,92,0.282208588957055,0.0414661131799221,0
03-01-01-01-02-02-20,352,349,112,0,1,3,108,0.30945558739255,0.0394325442612171,0
03-01-01-01-02-02-21,365,363,79,1,3,3,72,0.198347107438017,0.0960601419210434,0
03-01-01-01-02-02-22,352,349,118,0,0,0,118,0.33810888252149,0.0486118048429489,0
03-01-01-01-02-02-23,382,379,104,0,0,1,103,0.271767810026385,0.100188948214054,0
03-01-01-01-02-02-24,358,356,111,0,0,0,111,0.311797752808989,0.0609522685408592,0
03-01-03-01-01-01-01,345,343,88,0,0,3,85,0.247813411078717,0.0577045194804668,0
03-01-03-01-01-01-02,358,356,89,0,0,2,87,0.24438202247191,0.171744614839554,0
03-01-03-01-01-01-03,375,373,97,0,0,3,94,0.25201072386059,0.0998619943857193,0
03-01-03-01-01-01-04,348,346,97,0,0,3,94,0.271676300578035,0.0805172473192215,0
03-01-03-01-01-01-05,398,396,103,0,2,5,96,0.242424242424242,0.0591178461909294,0
03-01-03-01-01-01-06,352,349,136,0,0,0,136,0.389684813753582,0.064662292599678,0
03-01-03-01-01-01-07,348,346,83,0,0,7,76,0.219653179190751,0.0383341982960701,0
03-01-03-01-01-01-08,348,346,103,0,0,2,101,0.291907514450867,0.0650837272405624,0
03-01-03-01-01-01-09,332,329,91,0,4,5,82,0.249240121580547,0.0240402687340975,0
03-01-03-01-01-01-10,348,346,118,0,0,0,118,0.341040462427746,0.262421518564224,0
03-01-03-01-01-01-11,308,306,76,0,0,2,74,0.241830065359477,0.0427682772278786,0
03-01-03-01-01-01-12,368,366,124,0,0,2,122,0.333333333333333,0.104663483798504,0
03-01-03-01-01-01-13,322,319,76,0,0,6,70,0.219435736677116,0.0684220045804977,0
03-01-03-01-01-01-14,368,366,103,0,0,2,101,0.275956284153005,0.188789531588554,0
03-01-03-01-01-01-15,338,336,82,0,0,2,80,0.238095238095238,0.131886348128319,0
03-01-03-01-01-01-16,368,366,116,0,0,0,116,0.316939890710383,0.12798285484314,0
03-01-03-01-01-01-17,345,343,100,0,0,1,99,0.288629737609329,0.109406560659409,0
03-01-03-01-01-01-18,338,336,100,0,0,2,98,0.291666666666667,0.13237352669239,0
03-01-03-01-01-01-19,362,359,135,2,0,2,131,0.364902506963788,0.0296841971576214,0
03-01-03-01-01-01-20,352,349,99,0,0,1,98,0.28080229226361,0.183335706591606,0
03-01-03-01-01-01-21,382,379,92,0,0,6,86,0.226912928759894,0.113264247775078,0
03-01-03-01-01-01-22,352,349,125,0,0,2,123,0.35243553008596,0.0611674226820469,0
03-01-03-01-01-01-23,332,329,103,0,0,0,103,0.31306990881459,0.0753012299537659,0
03-01-03-01-01-01-24,358,356,105,0,0,3,102,0.286516853932584,0.0595589429140091,0
03-01-03-01-01-02-01,345,343,96,5,0,3,88,0.256559766763848,0.075029693543911,0
03-01-03-01-01-02-02,368,366,94,0,0,6,88,0.240437158469945,0.133096277713776,0
03-01-03-01-01-02-03,358,356,118,0,3,0,115,0.323033707865169,0.147104173898697,0
03-01-03-01-01-02-04,352,349,96,0,0,5,91,0.260744985673352,0.119005516171455,0
03-01-03-01-01-02-05,322,319,63,0,0,6,57,0.178683385579937,0.0691762492060661,0
03-01-03-01-01-02-06,358,356,131,0,0,4,127,0.356741573033708,0.0823554918169975,0
03-01-03-01-01-02-07,345,343,113,0,0,5,108,0.314868804664723,0.0462639480829239,0
03-01-03-01-01-02-08,342,339,122,0,4,0,118,0.348082595870207,0.0840581133961678,0
03-01-03-01-01-02-09,352,349,82,0,3,0,79,0.226361031518625,0.0480705536901951,0
03-01-03-01-01-02-10,345,343,108,0,0,0,108,0.314868804664723,0.22823292016983,0
03-01-03-01-01-02-11,318,316,89,0,1,3,85,0.268987341772152,0.0423093661665916,0
03-01-03-01-01-02-12,372,369,131,0,0,1,130,0.35230352303523,0.0815498754382133,0
03-01-03-01-01-02-13,318,316,84,0,0,4,80,0.253164556962025,0.0675536915659904,0
03-01-03-01-01-02-14,365,363,99,0,0,0,99,0.272727272727273,0.131704822182655,0
03-01-03-01-01-02-15,332,329,79,4,0,0,75,0.227963525835866,0.144297912716866,0
03-01-03-01-01-02-16,365,363,104,0,0,1,103,0.283746556473829,0.121653072535992,0
03-01-03-01-01-02-17,352,349,100,0,0,0,100,0.286532951289398,0.170534148812294,0
03-01-03-01-01-02-18,335,333,95,0,0,1,94,0.282282282282282,0.0575321726500988,0
03-01-03-01-01-02-19,368,366,105,0,3,4,98,0.26775956284153,0.0573323853313923,0
03-01-03-01-01-02-20,368,366,136,0,0,1,135,0.368852459016393,0.074987918138504,0
03-01-03-01-01-02-21,378,376,92,0,0,4,88,0.234042553191489,0.190041482448578,0
03-01-03-01-01-02-22,342,339,115,0,0,0,115,0.339233038348083,0.0625652521848679,0
03-01-03-01-01-02-23,325,322,92,1,2,3,86,0.267080745341615,0.135258942842484,0
03-01-03-01-01-02-24,388,386,134,0,0,3,131,0.339378238341969,0.0495814718306065,0
03-01-03-01-02-01-01,352,349,100,0,0,3,97,0.277936962750716,0.0493294559419155,0
03-01-03-01-02-01-02,375,373,111,0,0,0,111,0.297587131367292,0.137797117233276,0
03-01-03-01-02-01-03,348,346,109,1,5,6,97,0.280346820809249,0.148408994078636,0
03-01-03-01-02-01-04,348,346,103,0,0,3,100,0.289017341040462,0.0758873447775841,0
03-01-03-01-02-01-05,335,333,64,0,2,3,59,0.177177177177177,0.0403950586915016,0
03-01-03-01-02-01-06,345,343,129,0,0,1,128,0.373177842565598,0.0574579611420631,0
03-01-03-01-02-01-07,338,336,98,0,0,3,95,0.282738095238095,0.0500597357749939,0
03-01-03-01-02-01-08,345,343,104,0,0,1,103,0.300291545189504,0.0603954344987869,0
03-01-03-01-02-01-09,328,326,70,0,0,3,67,0.205521472392638,0.0331887193024158,0
03-01-03-01-02-01-10,328,326,115,0,0,0,115,0.352760736196319,0.178535223007202,0
03-01-03-01-02-01-11,315,312,99,0,0,2,97,0.310897435897436,0.0451277457177639,0
03-01-03-01-02-01-12,348,346,107,0,0,0,107,0.309248554913295,0.0775962099432945,0
03-01-03-01-02-01-13,312,309,68,0,0,3,65,0.210355987055016,0.0652480646967888,0
03-01-03-01-02-01-14,338,336,85,0,1,4,80,0.238095238095238,0.0903233960270882,0
03-01-03-01-02-01-15,332,329,86,0,0,3,83,0.252279635258359,0.113417953252792,0
03-01-03-01-02-01-16,372,369,129,0,0,0,129,0.349593495934959,0.11949659883976,0
03-01-03-01-02-01-17,345,343,83,0,0,5,78,0.227405247813411,0.184491604566574,0
03-01-03-01-02-01-18,342,339,129,0,0,0,129,0.380530973451327,0.0358834527432919,0
03-01-03-01-02-01-19,325,322,93,0,1,1,91,0.282608695652174,0.0327660366892815,0
03-01-03-01-02-01-20,345,343,123,0,0,1,122,0.355685131195335,0.0899867415428162,0
03-01-03-01-02-01-21,368,366,82,0,0,5,77,0.210382513661202,0.208343207836151,0
03-01-03-01-02-01-22,348,346,114,0,0,1,113,0.326589595375723,0.0650564059615135,0
03-01-03-01-02-01-23,322,319,84,0,0,0,84,0.263322884012539,0.100684493780136,0
03-01-03-01-02-01-24,348,346,102,0,0,1,101,0.291907514450867,0.072326585650444,0
03-01-03-01-02-02-01,368,366,105,0,0,1,104,0.284153005464481,0.0431681461632252,0
03-01-03-01-02-02-02,372,369,96,0,0,1,95,0.257452574525745,0.125685498118401,0
03-01-03-01-02-02-03,348,346,88,0,1,4,83,0.239884393063584,0.132151916623116,0
03-01-03-01-02-02-04,342,339,103,0,0,2,101,0.297935103244838,0.0911695510149002,0
03-01-03-01-02-02-05,375,373,97,1,0,7,89,0.238605898123324,0.0801282599568367,0
03-01-03-01-02-02-06,342,339,111,0,0,0,111,0.327433628318584,0.108373299241066,0
03-01-03-01-02-02-07,338,336,98,0,0,3,95,0.282738095238095,0.0500597357749939,0
03-01-03-01-02-02-08,342,339,105,0,0,2,103,0.303834808259587,0.103028193116188,0
03-01-03-01-02-02-09,345,343,99,0,0,1,98,0.285714285714286,0.0571077130734921,0
03-01-03-01-02-02-10,332,329,111,0,0,2,109,0.331306990881459,0.217241287231445,0
03-01-03-01-02-02-11,322,319,92,0,0,0,92,0.288401253918495,0.0641744136810303,0
03-01-03-01-02-02-12,372,369,149,0,0,0,149,0.403794037940379,0.0961172729730606,0
03-01-03-01-02-02-13,318,316,87,0,1,6,80,0.253164556962025,0.0805627107620239,0
03-01-03-01-02-02-14,345,343,97,0,0,3,94,0.274052478134111,0.0899371057748795,0
03-01-03-01-02-02-15,342,339,86,0,0,3,83,0.244837758112094,0.11766229569912,0
03-01-03-01-02-02-16,365,363,102,0,0,0,102,0.28099173553719,0.140769138932228,0
03-01-03-01-02-02-17,352,349,99,0,0,1,98,0.28080229226361,0.129347905516624,0
03-01-03-01-02-02-18,348,346,121,0,0,3,118,0.341040462427746,0.0422656908631325,0
03-01-03-01-02-02-19,328,326,126,15,0,2,109,0.334355828220859,0.0511512942612171,0
03-01-03-01-02-02-20,338,336,112,0,0,2,110,0.327380952380952,0.0535285994410515,0
03-01-03-01-02-02-21,382,379,80,0,0,8,72,0.189973614775726,0.176611483097076,0
03-01-03-01-02-02-22,348,346,116,0,0,1,115,0.332369942196532,0.0795785561203957,0
03-01-03-01-02-02-23,325,322,76,0,0,6,70,0.217391304347826,0.0951775759458542,0
03-01-03-01-02-02-24,372,369,124,0,0,0,124,0.336043360433604,0.107618309557438,0
03-01-03-02-01-01-01,365,363,100,0,0,0,100,0.275482093663912,0.126663863658905,0
03-01-03-02-01-01-02,368,366,100,0,0,2,98,0.26775956284153,0.433307737112045,0
03-01-03-02-01-01-03,428,426,160,2,0,5,153,0.359154929577465,0.383152365684509,0
03-01-03-02-01-01-04,385,383,94,5,0,9,80,0.2088772845953,0.227341890335083,0
03-01-03-02-01-01-05,412,409,121,0,0,2,119,0.290953545232274,0.053337100893259,0
03-01-03-02-01-01-06,348,346,73,1,0,3,69,0.199421965317919,0.373648881912231,0
03-01-03-02-01-01-07,408,406,132,2,0,7,123,0.302955665024631,0.175995752215385,0
03-01-03-02-01-01-08,375,373,142,0,3,3,136,0.364611260053619,0.195273593068123,0
03-01-03-02-01-01-09,375,373,120,0,4,3,113,0.302949061662198,0.228065937757492,0
03-01-03-02-01-01-10,382,379,133,0,3,3,127,0.33509234828496,0.610126137733459,0
03-01-03-02-01-01-11,402,399,132,0,0,5,127,0.318295739348371,0.275994092226028,0
03-01-03-02-01-01-12,418,416,115,3,2,5,105,0.252403846153846,0.470493525266647,0
03-01-03-02-01-01-13,342,339,73,1,0,4,68,0.200589970501475,0.111798703670502,0
03-01-03-02-01-01-14,375,373,83,3,5,6,69,0.184986595174263,0.517041862010956,0
03-01-03-02-01-01-15,355,353,112,22,1,7,82,0.232294617563739,0.211485281586647,0
03-01-03-02-01-01-16,375,373,113,0,0,0,113,0.302949061662198,0.166845828294754,0
03-01-03-02-01-01-17,372,369,112,0,0,1,111,0.300813008130081,0.344488769769669,0
03-01-03-02-01-01-18,375,373,86,3,0,5,78,0.20911528150134,0.627174437046051,0
03-01-03-02-01-01-19,375,373,119,0,0,0,119,0.319034852546917,0.117332205176353,0
03-01-03-02-01-01-20,365,363,111,0,0,0,111,0.305785123966942,0.214356496930122,0
03-01-03-02-01-01-21,378,376,89,0,6,5,78,0.207446808510638,0.288801908493042,0
03-01-03-02-01-01-22,372,369,108,0,0,3,105,0.284552845528455,0.282520979642868,0
03-01-03-02-01-01-23,322,319,91,0,0,1,90,0.282131661442006,0.274895519018173,0
03-01-03-02-01-01-24,398,396,127,0,0,5,122,0.308080808080808,0.275820314884186,0
03-01-03-02-01-02-01,362,359,104,0,0,0,104,0.289693593314763,0.166680693626404,0
03-01-03-02-01-02-02,365,363,96,0,0,2,94,0.258953168044077,0.490380614995956,0
03-01-03-02-01-02-03,438,436,167,0,0,1,166,0.380733944954128,0.475715100765228,0
03-01-03-02-01-02-04,355,353,104,2,5,5,92,0.260623229461756,0.323814123868942,0
03-01-03-02-01-02-05,385,383,123,0,0,6,117,0.305483028720627,0.136641055345535,0
03-01-03-02-01-02-06,345,343,71,3,2,8,58,0.169096209912536,0.318122088909149,0
03-01-03-02-01-02-07,402,399,116,0,0,2,114,0.285714285714286,0.219364270567894,0
03-01-03-02-01-02-08,388,386,140,0,0,1,139,0.360103626943005,0.155597865581512,0
03-01-03-02-01-02-09,415,413,134,0,1,1,132,0.319612590799031,0.197832673788071,0
03-01-03-02-01-02-10,348,346,102,0,0,2,100,0.289017341040462,0.677402973175049,0
03-01-03-02-01-02-11,362,359,114,1,0,5,108,0.3008356545961,0.322245925664902,0
03-01-03-02-01-02-12,412,409,134,2,0,0,132,0.322738386308068,0.416704326868057,0
03-01-03-02-01-02-13,358,356,126,0,0,2,124,0.348314606741573,0.157004237174988,0
03-01-03-02-01-02-14,372,369,84,7,0,9,68,0.184281842818428,0.39998671412468,0
03-01-03-02-01-02-15,345,343,77,0,2,6,69,0.201166180758017,0.2356878221035,0
03-01-03-02-01-02-16,355,353,94,1,0,3,90,0.254957507082153,0.394152045249939,0
03-01-03-02-01-02-17,408,406,106,3,0,2,101,0.248768472906404,0.513742923736572,0
03-01-03-02-01-02-18,392,389,94,2,0,4,88,0.226221079691517,0.389433264732361,0
03-01-03-02-01-02-19,378,376,137,0,0,2,135,0.359042553191489,0.105071634054184,0
03-01-03-02-01-02-20,428,426,124,7,0,8,109,0.255868544600939,0.20564740896225,0
03-01-03-02-01-02-21,392,389,73,0,6,5,62,0.159383033419023,0.257154643535614,0
03-01-03-02-01-02-22,382,379,122,0,0,4,118,0.311345646437995,0.169205084443092,0
03-01-03-02-01-02-23,318,316,87,0,0,1,86,0.272151898734177,0.316498160362244,0
03-01-03-02-01-02-24,375,373,112,0,0,1,111,0.297587131367292,0.227627277374268,0
03-01-03-02-02-01-01,392,389,121,0,1,3,117,0.300771208226221,0.128453627228737,0
03-01-03-02-02-01-02,368,366,115,0,0,2,113,0.308743169398907,0.275337338447571,0
03-01-03-02-02-01-03,412,409,117,1,0,5,111,0.271393643031785,0.560069680213928,0
03-01-03-02-02-01-04,358,356,109,0,0,2,107,0.300561797752809,0.253781676292419,0
03-01-03-02-02-01-05,358,356,110,0,4,2,104,0.292134831460674,0.151010870933533,0
03-01-03-02-02-01-06,355,353,54,3,2,5,44,0.124645892351275,0.350645273923874,0
03-01-03-02-02-01-07,402,399,166,17,3,0,146,0.365914786967419,0.182909220457077,0
03-01-03-02-02-01-08,382,379,136,0,0,3,133,0.350923482849604,0.240187048912048,0
03-01-03-02-02-01-09,355,353,112,1,5,1,105,0.297450424929178,0.282009273767471,0
03-01-03-02-02-01-10,372,369,118,9,0,4,105,0.284552845528455,0.978626549243927,0
03-01-03-02-02-01-11,385,383,142,0,0,2,140,0.365535248041775,0.211798280477524,0
03-01-03-02-02-01-12,388,386,136,0,0,0,136,0.352331606217617,0.233894675970078,0
03-01-03-02-02-01-13,335,333,92,0,0,0,92,0.276276276276276,0.18167082965374,0
03-01-03-02-02-01-14,382,379,60,6,0,11,43,0.113456464379947,0.497510492801666,0
03-01-03-02-02-01-15,378,376,96,2,0,7,87,0.231382978723404,0.219804957509041,0
03-01-03-02-02-01-16,375,373,122,0,0,0,122,0.327077747989276,0.195368692278862,0
03-01-03-02-02-01-17,372,369,113,8,6,3,96,0.260162601626016,0.205776572227478,0
03-01-03-02-02-01-18,375,373,101,0,0,0,101,0.270777479892761,0.425739109516144,0
03-01-03-02-02-01-19,438,436,136,4,2,5,125,0.286697247706422,0.218386217951775,0
03-01-03-02-02-01-20,355,353,88,2,0,3,83,0.235127478753541,0.444242864847183,0
03-01-03-02-02-01-21,365,363,89,1,0,4,84,0.231404958677686,0.238866835832596,0
03-01-03-02-02-01-22,365,363,116,0,0,1,115,0.316804407713499,0.221626132726669,0
03-01-03-02-02-01-23,322,319,78,0,0,1,77,0.241379310344828,0.245900422334671,0
03-01-03-02-02-01-24,385,383,149,0,0,0,149,0.389033942558747,0.155769646167755,0
03-01-03-02-02-02-01,392,389,124,0,1,4,119,0.305912596401028,0.140654489398003,0
03-01-03-02-02-02-02,385,383,129,0,0,2,127,0.331592689295039,0.302999913692474,0
03-01-03-02-02-02-03,382,379,113,0,3,5,105,0.277044854881267,0.344366043806076,0
03-01-03-02-02-02-04,375,373,96,1,2,7,86,0.230563002680965,0.45262685418129,0
03-01-03-02-02-02-05,338,336,101,0,0,1,100,0.297619047619048,0.183358505368233,0
03-01-03-02-02-02-06,358,356,85,5,0,6,74,0.207865168539326,0.342000871896744,0
03-01-03-02-02-02-07,382,379,129,0,0,5,124,0.327176781002639,0.267030626535416,0
03-01-03-02-02-02-08,392,389,127,0,0,0,127,0.326478149100257,0.119160108268261,0
03-01-03-02-02-02-09,355,353,109,0,0,2,107,0.303116147308782,0.242136359214783,0
03-01-03-02-02-02-10,395,393,112,3,6,8,95,0.241730279898219,0.92808336019516,0
03-01-03-02-02-02-11,348,346,116,0,0,0,116,0.335260115606936,0.245889082551003,0
03-01-03-02-02-02-12,395,393,144,4,0,1,139,0.353689567430025,0.443095237016678,0
03-01-03-02-02-02-13,332,329,96,0,0,2,94,0.285714285714286,0.169269636273384,0
03-01-03-02-02-02-14,372,369,98,11,0,5,82,0.222222222222222,0.361363142728806,0
03-01-03-02-02-02-15,335,333,69,0,0,0,69,0.207207207207207,0.219036161899567,0
03-01-03-02-02-02-16,378,376,108,0,1,2,105,0.279255319148936,0.199491590261459,0
03-01-03-02-02-02-17,378,376,118,1,0,2,115,0.305851063829787,0.267099320888519,0
03-01-03-02-02-02-18,382,379,83,5,1,5,72,0.189973614775726,0.528472304344177,0
03-01-03-02-02-02-19,398,396,138,0,0,3,135,0.340909090909091,0.0647967383265495,0
03-01-03-02-02-02-20,368,366,70,1,0,11,58,0.158469945355191,0.528913378715515,0
03-01-03-02-02-02-21,378,376,97,1,2,2,92,0.24468085106383,0.276125192642212,0
03-01-03-02-02-02-22,392,389,130,0,0,0,130,0.334190231362468,0.156126409769058,0
03-01-03-02-02-02-23,322,319,75,0,0,2,73,0.22884012539185,0.24389936029911,0
03-01-03-02-02-02-24,385,383,132,0,0,0,132,0.344647519582245,0.248320668935776,0
03-01-04-01-01-01-01,382,379,92,0,1,3,88,0.232189973614776,0.0455538481473923,0
03-01-04-01-01-01-02,382,379,135,0,0,1,134,0.353562005277045,0.0414450652897358,0
03-01-04-01-01-01-03,358,356,102,0,0,2,100,0.280898876404494,0.0552305988967419,0
03-01-04-01-01-01-04,335,333,84,0,0,0,84,0.252252252252252,0.0467065460979939,0
03-01-04-01-01-01-05,325,322,35,0,0,7,28,0.0869565217391304,0.0129021173343062,0
03-01-04-01-01-01-06,355,353,127,0,0,0,127,0.359773371104816,0.011456036940217,0
03-01-04-01-01-01-07,352,349,100,0,0,3,97,0.277936962750716,0.0309473797678947,0
03-01-04-01-01-01-08,418,416,120,0,0,7,113,0.271634615384615,0.0181702487170696,0
03-01-04-01-01-01-09,325,322,30,0,0,4,26,0.0807453416149068,0.00819967500865459,0
03-01-04-01-01-01-10,328,326,111,0,1,2,108,0.331288343558282,0.065791442990303,0
03-01-04-01-01-01-11,332,329,90,0,0,2,88,0.267477203647416,0.0261686109006405,0
03-01-04-01-01-01-12,365,363,131,0,0,0,131,0.360881542699725,0.0889290794730186,0
03-01-04-01-01-01-13,355,353,108,0,0,3,105,0.297450424929178,0.0258597116917372,0
03-01-04-01-01-01-14,372,369,94,0,2,4,88,0.238482384823848,0.0199513025581837,0
03-01-04-01-01-01-15,348,346,82,0,0,1,81,0.234104046242775,0.107796557247639,0
03-01-04-01-01-01-16,355,353,105,0,0,1,104,0.294617563739377,0.0578650571405888,0
03-01-04-01-01-01-17,365,363,80,0,0,5,75,0.206611570247934,0.100831486284733,0
03-01-04-01-01-01-18,355,353,121,0,0,1,120,0.339943342776204,0.061140101402998,0
03-01-04-01-01-01-19,342,339,110,0,0,1,109,0.321533923303835,0.0256570000201464,0
03-01-04-01-01-01-20,358,356,115,0,3,0,112,0.314606741573034,0.0110408347100019,0
03-01-04-01-01-01-21,428,426,83,0,1,2,80,0.187793427230047,0.0491756573319435,0
03-01-04-01-01-01-22,358,356,122,0,0,2,120,0.337078651685393,0.0459617003798485,0
03-01-04-01-01-01-23,358,356,112,0,0,1,111,0.311797752808989,0.0476413555443287,0
03-01-04-01-01-01-24,408,406,119,0,0,0,119,0.293103448275862,0.0368171446025372,0
03-01-04-01-01-02-01,355,353,91,0,0,0,91,0.257790368271955,0.0421442426741123,0
03-01-04-01-01-02-02,375,373,118,0,0,0,118,0.316353887399464,0.0756740346550941,0
03-01-04-01-01-02-03,355,353,111,16,1,3,91,0.257790368271955,0.0340753048658371,0
03-01-04-01-01-02-04,338,336,108,0,0,0,108,0.321428571428571,0.118365481495857,0
03-01-04-01-01-02-05,362,359,37,0,0,2,35,0.0974930362116992,0.015626909211278,0
03-01-04-01-01-02-06,358,356,129,0,0,0,129,0.362359550561798,0.0134546710178256,0
03-01-04-01-01-02-07,358,356,89,0,1,7,81,0.22752808988764,0.0403343886137009,0
03-01-04-01-01-02-08,385,383,117,0,0,1,116,0.302872062663185,0.0184514038264751,0
03-01-04-01-01-02-09,342,339,39,0,0,2,37,0.109144542772861,0.0126006342470646,0
03-01-04-01-01-02-10,345,343,109,0,0,1,108,0.314868804664723,0.0541910938918591,0
03-01-04-01-01-02-11,358,356,119,23,0,5,91,0.25561797752809,0.023150309920311,0
03-01-04-01-01-02-12,358,356,156,21,0,0,135,0.379213483146067,0.0786626636981964,0
03-01-04-01-01-02-13,352,349,109,0,0,4,105,0.300859598853868,0.021318893879652,0
03-01-04-01-01-02-14,358,356,103,0,0,2,101,0.283707865168539,0.0285141132771969,0
03-01-04-01-01-02-15,328,326,81,0,2,2,77,0.236196319018405,0.0665153488516808,0
03-01-04-01-01-02-16,362,359,115,0,0,0,115,0.32033426183844,0.04514329880476,0
03-01-04-01-01-02-17,348,346,88,0,0,0,88,0.254335260115607,0.181717693805695,0
03-01-04-01-01-02-18,362,359,128,0,0,0,128,0.356545961002786,0.050813052803278,0
03-01-04-01-01-02-19,365,363,96,0,0,2,94,0.258953168044077,0.0132181905210018,0
03-01-04-01-01-02-20,348,346,76,0,1,1,74,0.213872832369942,0.00612731790170074,0
03-01-04-01-01-02-21,458,456,96,0,0,11,85,0.18640350877193,0.0450202561914921,0
03-01-04-01-01-02-22,368,366,130,0,0,0,130,0.355191256830601,0.0552478283643723,0
03-01-04-01-01-02-23,385,383,124,0,0,1,123,0.321148825065274,0.0607212707400322,0
03-01-04-01-01-02-24,395,393,143,0,1,0,142,0.361323155216285,0.0203660950064659,0
03-01-04-01-02-01-01,348,346,90,0,0,2,88,0.254335260115607,0.0312019567936659,0
03-01-04-01-02-01-02,372,369,133,0,0,0,133,0.360433604336043,0.0711829513311386,0
03-01-04-01-02-01-03,355,353,130,14,2,0,114,0.322946175637394,0.0744924172759056,0
03-01-04-01-02-01-04,342,339,109,0,0,0,109,0.321533923303835,0.114477172493935,0
03-01-04-01-02-01-05,308,306,41,0,0,7,34,0.111111111111111,0.0108699649572372,0
03-01-04-01-02-01-06,345,343,122,0,0,0,122,0.355685131195335,0.0372623726725578,0
03-01-04-01-02-01-07,352,349,99,0,0,5,94,0.269340974212034,0.0268039498478174,0
03-01-04-01-02-01-08,355,353,95,0,0,1,94,0.26628895184136,0.0151543021202087,0
03-01-04-01-02-01-09,338,336,49,0,0,2,47,0.139880952380952,0.0137927541509271,0
03-01-04-01-02-01-10,352,349,114,0,0,0,114,0.326647564469914,0.060459703207016,0
03-01-04-01-02-01-11,352,349,110,0,1,0,109,0.312320916905444,0.0305061750113964,0
03-01-04-01-02-01-12,365,363,130,0,0,1,129,0.355371900826446,0.0381157100200653,0
03-01-04-01-02-01-13,342,339,108,0,0,3,105,0.309734513274336,0.0308010689914227,0
03-01-04-01-02-01-14,358,356,83,0,0,0,83,0.23314606741573,0.0241018496453762,0
03-01-04-01-02-01-15,328,326,69,0,0,2,67,0.205521472392638,0.0892939940094948,0
03-01-04-01-02-01-16,338,336,109,0,2,0,107,0.318452380952381,0.0413303002715111,0
03-01-04-01-02-01-17,355,353,101,0,0,0,101,0.286118980169972,0.0929824039340019,0
03-01-04-01-02-01-18,352,349,130,0,0,1,129,0.369627507163324,0.0324940457940102,0
03-01-04-01-02-01-19,315,312,94,0,1,3,90,0.288461538461538,0.0283135809004307,0
03-01-04-01-02-01-20,345,343,77,0,2,5,70,0.204081632653061,0.0087850671261549,0
03-01-04-01-02-01-21,405,403,76,0,0,2,74,0.183622828784119,0.0902929604053497,0
03-01-04-01-02-01-22,365,363,133,0,0,0,133,0.366391184573003,0.0559592880308628,0
03-01-04-01-02-01-23,355,353,109,0,0,0,109,0.308781869688385,0.0684517547488213,0
03-01-04-01-02-01-24,352,349,113,0,0,1,112,0.320916905444126,0.0591399148106575,0
03-01-04-01-02-02-01,335,333,74,0,0,1,73,0.219219219219219,0.0370218008756638,0
03-01-04-01-02-02-02,375,373,141,0,0,0,141,0.378016085790885,0.069467231631279,0
03-01-04-01-02-02-03,352,349,128,20,0,0,108,0.30945558739255,0.0686821043491364,0
03-01-04-01-02-02-04,345,343,104,0,0,0,104,0.303206997084548,0.125607058405876,0
03-01-04-01-02-02-05,368,366,33,0,1,6,26,0.0710382513661202,0.0151642756536603,0
03-01-04-01-02-02-06,342,339,130,0,0,2,128,0.377581120943953,0.0219106171280146,0
03-01-04-01-02-02-07,385,383,115,1,0,3,111,0.289817232375979,0.0489132963120937,0
03-01-04-01-02-02-08,358,356,103,0,2,1,100,0.280898876404494,0.0204677861183882,0
03-01-04-01-02-02-09,338,336,79,0,0,4,75,0.223214285714286,0.00602717604488134,0
03-01-04-01-02-02-10,378,376,116,0,0,1,115,0.305851063829787,0.0510542914271355,0
03-01-04-01-02-02-11,342,339,108,0,0,0,108,0.31858407079646,0.03310327231884,0
03-01-04-01-02-02-12,355,353,130,0,0,0,130,0.368271954674221,0.0503775477409363,0
03-01-04-01-02-02-13,335,333,97,0,0,1,96,0.288288288288288,0.0419864989817142,0
03-01-04-01-02-02-14,352,349,92,0,0,0,92,0.263610315186246,0.0395315550267696,0
03-01-04-01-02-02-15,335,333,81,0,0,6,75,0.225225225225225,0.0747716054320335,0
03-01-04-01-02-02-16,348,346,114,0,0,0,114,0.329479768786127,0.0380875878036022,0
03-01-04-01-02-02-17,358,356,82,0,1,1,80,0.224719101123595,0.140765756368637,0
03-01-04-01-02-02-18,362,359,142,0,0,0,142,0.395543175487465,0.039945013821125,0
03-01-04-01-02-02-19,365,363,144,0,0,1,143,0.393939393939394,0.023150347173214,0
03-01-04-01-02-02-20,335,333,86,0,7,1,78,0.234234234234234,0.00742442160844803,0
03-01-04-01-02-02-21,418,416,70,0,0,7,63,0.151442307692308,0.0613826885819435,0
03-01-04-01-02-02-22,368,366,127,0,0,0,127,0.346994535519126,0.06296606361866,0
03-01-04-01-02-02-23,365,363,104,0,0,2,102,0.28099173553719,0.0556419640779495,0
03-01-04-01-02-02-24,382,379,87,0,2,3,82,0.216358839050132,0.0435286089777946,0
03-01-04-02-01-01-01,378,376,107,0,0,1,106,0.281914893617021,0.0448159649968147,0
03-01-04-02-01-01-02,372,369,79,0,0,4,75,0.203252032520325,0.0837042704224586,0
03-01-04-02-01-01-03,375,373,100,0,7,3,90,0.241286863270777,0.13668404519558,0
03-01-04-02-01-01-04,365,363,104,2,1,1,100,0.275482093663912,0.185449212789536,0
03-01-04-02-01-01-05,352,349,54,0,4,8,42,0.120343839541547,0.0243518017232418,0
03-01-04-02-01-01-06,418,416,100,0,4,3,93,0.223557692307692,0.164161056280136,0
03-01-04-02-01-01-07,392,389,83,0,5,8,70,0.179948586118252,0.0631447657942772,0
03-01-04-02-01-01-08,375,373,120,0,0,0,120,0.32171581769437,0.0345975272357464,0
03-01-04-02-01-01-09,392,389,107,1,4,6,96,0.246786632390745,0.0385373346507549,0
03-01-04-02-01-01-10,348,346,117,0,0,1,116,0.335260115606936,0.198093608021736,0
03-01-04-02-01-01-11,332,329,101,0,1,3,97,0.29483282674772,0.110302902758121,0
03-01-04-02-01-01-12,385,383,140,0,1,2,137,0.357702349869452,0.205588161945343,0
03-01-04-02-01-01-13,332,329,78,0,0,2,76,0.231003039513678,0.0525351949036121,0
03-01-04-02-01-01-14,385,383,76,0,0,3,73,0.190600522193211,0.0487141571938992,0
03-01-04-02-01-01-15,325,322,81,30,0,3,48,0.149068322981366,0.118193134665489,0
03-01-04-02-01-01-16,372,369,114,0,1,3,110,0.29810298102981,0.0757084637880325,0
03-01-04-02-01-01-17,365,363,120,28,0,0,92,0.253443526170799,0.258043795824051,0
03-01-04-02-01-01-18,378,376,125,7,2,4,112,0.297872340425532,0.223140746355057,0
03-01-04-02-01-01-19,398,396,93,12,2,7,72,0.181818181818182,0.163087546825409,0
03-01-04-02-01-01-20,375,373,107,0,1,0,106,0.284182305630027,0.047416478395462,0
03-01-04-02-01-01-21,415,413,91,0,5,5,81,0.196125907990315,0.231125980615616,0
03-01-04-02-01-01-22,372,369,129,0,0,2,127,0.344173441734417,0.0554536394774914,0
03-01-04-02-01-01-23,425,423,116,0,1,1,114,0.269503546099291,0.0802235975861549,0
03-01-04-02-01-01-24,438,436,140,0,5,3,132,0.302752293577982,0.118340410292149,0
03-01-04-02-01-02-01,368,366,91,0,3,5,83,0.226775956284153,0.105119429528713,0
03-01-04-02-01-02-02,375,373,103,0,4,5,94,0.25201072386059,0.0551712699234486,0
03-01-04-02-01-02-03,382,379,146,0,8,5,133,0.350923482849604,0.217216536402702,0
03-01-04-02-01-02-04,375,373,105,11,0,3,91,0.243967828418231,0.242407202720642,0
03-01-04-02-01-02-05,325,322,63,0,0,3,60,0.186335403726708,0.0162666477262974,0
03-01-04-02-01-02-06,408,406,68,6,2,7,53,0.130541871921182,0.0200310274958611,0
03-01-04-02-01-02-07,382,379,102,1,6,6,89,0.234828496042216,0.0965147390961647,0
03-01-04-02-01-02-08,392,389,124,4,0,0,120,0.308483290488432,0.0478829145431519,0
03-01-04-02-01-02-09,388,386,33,0,2,4,27,0.0699481865284974,0.0184022337198257,0
03-01-04-02-01-02-10,355,353,111,0,0,0,111,0.314447592067989,0.0803804472088814,0
03-01-04-02-01-02-11,358,356,117,0,0,0,117,0.328651685393258,0.146558240056038,0
03-01-04-02-01-02-12,375,373,119,0,1,0,118,0.316353887399464,0.274687021970749,0
03-01-04-02-01-02-13,328,326,96,0,0,0,96,0.294478527607362,0.0330858379602432,0
03-01-04-02-01-02-14,365,363,74,0,0,1,73,0.201101928374656,0.0267173424363136,0
03-01-04-02-01-02-15,338,336,110,38,1,3,68,0.202380952380952,0.120767936110497,0
03-01-04-02-01-02-16,378,376,97,1,0,0,96,0.25531914893617,0.054848812520504,0
03-01-04-02-01-02-17,368,366,82,0,0,6,76,0.207650273224044,0.269844442605972,0
03-01-04-02-01-02-18,382,379,117,3,1,0,113,0.298153034300792,0.250486493110657,0
03-01-04-02-01-02-19,368,366,75,16,1,6,52,0.14207650273224,0.0595253221690655,0
03-01-04-02-01-02-20,422,419,133,5,2,4,122,0.291169451073986,0.250685006380081,0
03-01-04-02-01-02-21,425,423,116,0,12,6,98,0.231678486997636,0.226963713765144,0
03-01-04-02-01-02-22,362,359,117,0,0,2,115,0.32033426183844,0.0771191865205765,0
03-01-04-02-01-02-23,435,433,103,0,0,3,100,0.23094688221709,0.101057216525078,0
03-01-04-02-01-02-24,455,453,109,0,0,4,105,0.231788079470199,0.132157355546951,0
03-01-04-02-02-01-01,372,369,107,0,0,3,104,0.281842818428184,0.0811210498213768,0
03-01-04-02-02-01-02,368,366,107,0,2,3,102,0.278688524590164,0.0604225844144821,0
03-01-04-02-02-01-03,345,343,95,0,2,4,89,0.259475218658892,0.361403614282608,0
03-01-04-02-02-01-04,375,373,103,12,7,2,82,0.219839142091153,0.437627017498016,0
03-01-04-02-02-01-05,325,322,61,0,1,4,56,0.173913043478261,0.0396792627871037,0
03-01-04-02-02-01-06,458,456,80,3,1,5,71,0.155701754385965,0.222545713186264,0
03-01-04-02-02-01-07,362,359,117,19,1,2,95,0.264623955431755,0.0685680210590363,0
03-01-04-02-02-01-08,365,363,119,0,0,0,119,0.327823691460055,0.0349626652896404,0
03-01-04-02-02-01-09,362,359,113,0,0,5,108,0.3008356545961,0.0179721564054489,0
03-01-04-02-02-01-10,365,363,92,0,1,5,86,0.236914600550964,0.0872995182871819,0
03-01-04-02-02-01-11,335,333,117,0,1,2,114,0.342342342342342,0.132818937301636,0
03-01-04-02-02-01-12,378,376,148,16,0,4,128,0.340425531914894,0.227674067020416,0
03-01-04-02-02-01-13,342,339,90,1,0,5,84,0.247787610619469,0.0417251884937286,0
03-01-04-02-02-01-14,365,363,97,0,0,1,96,0.264462809917355,0.0616784915328026,0
03-01-04-02-02-01-15,352,349,73,0,2,4,67,0.191977077363897,0.157295897603035,0
03-01-04-02-02-01-16,385,383,112,0,0,0,112,0.29242819843342,0.104966506361961,0
03-01-04-02-02-01-17,358,356,103,24,2,6,71,0.199438202247191,0.188756942749023,0
03-01-04-02-02-01-18,412,409,121,0,0,1,120,0.293398533007335,0.324160039424896,0
03-01-04-02-02-01-19,338,336,109,0,1,2,106,0.31547619047619,0.0528121031820774,0
03-01-04-02-02-01-20,378,376,107,0,6,3,98,0.26063829787234,0.026808088645339,0
03-01-04-02-02-01-21,425,423,93,0,3,7,83,0.196217494089835,0.142294153571129,0
03-01-04-02-02-01-22,372,369,128,0,0,2,126,0.341463414634146,0.0675361901521683,0
03-01-04-02-02-01-23,392,389,120,0,0,0,120,0.308483290488432,0.0537432543933392,0
03-01-04-02-02-01-24,418,416,111,0,1,4,106,0.254807692307692,0.119004040956497,0
03-01-04-02-02-02-01,372,369,111,0,3,4,104,0.281842818428184,0.0732947587966919,0
03-01-04-02-02-02-02,365,363,91,0,4,4,83,0.228650137741047,0.0597881600260735,0
03-01-04-02-02-02-03,368,366,113,9,4,8,92,0.251366120218579,0.221370026469231,0
03-01-04-02-02-02-04,375,373,116,22,0,8,86,0.230563002680965,0.307833015918732,0
03-01-04-02-02-02-05,312,309,52,0,5,4,43,0.13915857605178,0.0306462831795216,0
03-01-04-02-02-02-06,402,399,131,0,2,2,127,0.318295739348371,0.0595084801316261,0
03-01-04-02-02-02-07,382,379,113,0,0,4,109,0.287598944591029,0.105153664946556,0
03-01-04-02-02-02-08,368,366,160,45,2,1,112,0.306010928961749,0.0464380569756031,0
03-01-04-02-02-02-09,385,383,52,1,0,7,44,0.114882506527415,0.026194840669632,0
03-01-04-02-02-02-10,355,353,120,0,1,2,117,0.331444759206799,0.0895821154117584,0
03-01-04-02-02-02-11,332,329,89,0,0,2,87,0.264437689969605,0.161993071436882,0
03-01-04-02-02-02-12,385,383,149,0,0,2,147,0.383812010443864,0.277952164411545,0
03-01-04-02-02-02-13,318,316,97,0,0,1,96,0.30379746835443,0.0237362086772919,0
03-01-04-02-02-02-14,388,386,115,0,3,1,111,0.287564766839378,0.0961874797940254,0
03-01-04-02-02-02-15,342,339,131,57,0,5,69,0.20353982300885,0.0997410118579865,0
03-01-04-02-02-02-16,372,369,101,0,0,1,100,0.2710027100271,0.07474584877491,0
03-01-04-02-02-02-17,355,353,86,0,0,2,84,0.237960339943343,0.214494988322258,0
03-01-04-02-02-02-18,382,379,134,0,3,3,128,0.337730870712401,0.17836220562458,0
03-01-04-02-02-02-19,372,369,124,1,7,9,107,0.289972899728997,0.0801024585962296,0
03-01-04-02-02-02-20,395,393,128,9,0,6,113,0.287531806615776,0.241495236754417,0
03-01-04-02-02-02-21,412,409,90,1,6,10,73,0.178484107579462,0.175001978874207,0
03-01-04-02-02-02-22,382,379,132,0,0,0,132,0.348284960422164,0.0520731918513775,0
03-01-04-02-02-02-23,472,469,128,0,0,0,128,0.272921108742004,0.0602091029286385,0
03-01-04-02-02-02-24,465,463,129,0,5,0,124,0.267818574514039,0.0487258583307266,0
03-01-05-01-01-01-01,385,383,79,0,0,3,76,0.198433420365535,0.181080505251884,0
03-01-05-01-01-01-02,365,363,90,0,0,1,89,0.245179063360882,0.157483875751495,0
03-01-05-01-01-01-03,398,396,58,2,1,12,43,0.108585858585859,0.0546944811940193,0
03-01-05-01-01-01-04,368,366,92,0,1,0,91,0.248633879781421,0.186943009495735,0
03-01-05-01-01-01-05,385,383,83,0,0,12,71,0.185378590078329,0.256607055664062,0
03-01-05-01-01-01-06,375,373,110,0,0,2,108,0.289544235924933,0.0737357065081596,0
03-01-05-01-01-01-07,398,396,115,0,1,7,107,0.27020202020202,0.229373455047607,0
03-01-05-01-01-01-08,368,366,101,0,0,2,99,0.270491803278689,0.161163210868835,0
03-01-05-01-01-01-09,355,353,63,0,0,4,59,0.1671388101983,0.0275170505046844,0
03-01-05-01-01-01-10,388,386,141,0,0,2,139,0.360103626943005,0.105041734874249,0
03-01-05-01-01-01-11,358,356,95,0,1,0,94,0.264044943820225,0.130786836147308,0
03-01-05-01-01-01-12,425,423,147,0,0,1,146,0.3451536643026,0.107516929507256,0
03-01-05-01-01-01-13,342,339,74,0,1,4,69,0.20353982300885,0.0899952575564384,0
03-01-05-01-01-01-14,358,356,69,0,0,0,69,0.193820224719101,0.129004448652267,0
03-01-05-01-01-01-15,362,359,84,1,0,3,80,0.222841225626741,0.246174082159996,0
03-01-05-01-01-01-16,395,393,122,0,0,5,117,0.297709923664122,0.190026625990868,0
03-01-05-01-01-01-17,345,343,44,0,0,0,44,0.128279883381924,0.0968445315957069,0
03-01-05-01-01-01-18,388,386,111,0,0,2,109,0.282383419689119,0.157317951321602,0
03-01-05-01-01-01-19,375,373,63,0,0,1,62,0.166219839142091,0.197024777531624,0
03-01-05-01-01-01-20,322,319,87,0,0,2,85,0.266457680250784,0.034390315413475,0
03-01-05-01-01-01-21,412,409,87,0,0,3,84,0.205378973105134,0.705304861068726,0
03-01-05-01-01-01-22,368,366,104,0,0,0,104,0.284153005464481,0.102272309362888,0
03-01-05-01-01-01-23,328,326,73,0,0,2,71,0.217791411042945,0.261120527982712,0
03-01-05-01-01-01-24,408,406,112,1,1,4,106,0.261083743842365,0.376825034618378,0
03-01-05-01-01-02-01,392,389,93,0,1,3,89,0.22879177377892,0.131641492247581,0
03-01-05-01-01-02-02,365,363,92,0,0,0,92,0.253443526170799,0.160871565341949,0
03-01-05-01-01-02-03,405,403,88,0,6,2,80,0.198511166253102,0.18357141315937,0
03-01-05-01-01-02-04,358,356,90,3,0,1,86,0.241573033707865,0.209146499633789,0
03-01-05-01-01-02-05,378,376,71,1,3,11,56,0.148936170212766,0.251571804285049,0
03-01-05-01-01-02-06,395,393,123,0,1,3,119,0.302798982188295,0.0740766301751137,0
03-01-05-01-01-02-07,395,393,110,0,0,5,105,0.267175572519084,0.451584368944168,0
03-01-05-01-01-02-08,358,356,107,0,2,3,102,0.286516853932584,0.182689413428307,0
03-01-05-01-01-02-09,355,353,64,0,1,2,61,0.172804532577904,0.053036492317915,0
03-01-05-01-01-02-10,398,396,124,0,0,2,122,0.308080808080808,0.198670268058777,0
03-01-05-01-01-02-11,345,343,76,0,0,2,74,0.215743440233236,0.0956068187952042,0
03-01-05-01-01-02-12,395,393,133,0,0,2,131,0.333333333333333,0.11579792201519,0
03-01-05-01-01-02-13,352,349,93,0,0,0,93,0.26647564469914,0.0969896614551544,0
03-01-05-01-01-02-14,368,366,93,0,0,1,92,0.251366120218579,0.116718351840973,0
03-01-05-01-01-02-15,358,356,85,0,0,2,83,0.23314606741573,0.28606453537941,0
03-01-05-01-01-02-16,398,396,95,0,1,5,89,0.224747474747475,0.300621747970581,0
03-01-05-01-01-02-17,368,366,64,0,0,0,64,0.174863387978142,0.154243633151054,0
03-01-05-01-01-02-18,415,413,115,0,0,1,114,0.276029055690073,0.0970911085605621,0
03-01-05-01-01-02-19,368,366,74,0,0,1,73,0.199453551912568,0.238992318511009,0
03-01-05-01-01-02-20,372,369,95,0,0,2,93,0.252032520325203,0.131660476326942,0
03-01-05-01-01-02-21,398,396,83,0,0,2,81,0.204545454545455,0.492641985416412,0
03-01-05-01-01-02-22,372,369,114,0,0,1,113,0.306233062330623,0.097794845700264,0
03-01-05-01-01-02-23,328,326,75,0,0,2,73,0.223926380368098,0.268488138914108,0
03-01-05-01-01-02-24,372,369,120,0,0,2,118,0.319783197831978,0.270366489887238,0
03-01-05-01-02-01-01,348,346,75,0,0,0,75,0.216763005780347,0.10719109326601,0
03-01-05-01-02-01-02,375,373,95,0,0,1,94,0.25201072386059,0.147147342562675,0
03-01-05-01-02-01-03,378,376,74,0,0,7,67,0.178191489361702,0.0981762930750847,0
03-01-05-01-02-01-04,345,343,93,0,0,4,89,0.259475218658892,0.154793351888657,0
03-01-05-01-02-01-05,405,403,97,0,1,7,89,0.220843672456576,0.0472644530236721,0
03-01-05-01-02-01-06,418,416,150,0,0,2,148,0.355769230769231,0.0794608071446419,0
03-01-05-01-02-01-07,398,396,57,0,0,3,54,0.136363636363636,0.0849108770489693,0
03-01-05-01-02-01-08,352,349,108,0,0,0,108,0.30945558739255,0.130448654294014,0
03-01-05-01-02-01-09,372,369,113,0,1,1,111,0.300813008130081,0.0782575681805611,0
03-01-05-01-02-01-10,408,406,140,0,0,2,138,0.339901477832512,0.152856469154358,0
03-01-05-01-02-01-11,345,343,104,0,0,1,103,0.300291545189504,0.178487315773964,0
03-01-05-01-02-01-12,372,369,133,0,0,0,133,0.360433604336043,0.0572489500045776,0
03-01-05-01-02-01-13,358,356,84,0,0,5,79,0.221910112359551,0.11858519166708,0
03-01-05-01-02-01-14,372,369,92,0,0,3,89,0.241192411924119,0.14040495455265,0
03-01-05-01-02-01-15,368,366,71,0,0,3,68,0.185792349726776,0.207302048802376,0
03-01-05-01-02-01-16,388,386,98,0,0,8,90,0.233160621761658,0.282639920711517,0
03-01-05-01-02-01-17,358,356,69,0,0,5,64,0.179775280898876,0.190707340836525,0
03-01-05-01-02-01-18,355,353,101,3,0,2,96,0.271954674220963,0.14461787045002,0
03-01-05-01-02-01-19,328,326,44,0,0,0,44,0.134969325153374,0.181845605373383,0
03-01-05-01-02-01-20,365,363,113,0,0,1,112,0.308539944903581,0.0680434182286263,0
03-01-05-01-02-01-21,405,403,75,0,2,6,67,0.166253101736973,0.672517657279968,0
03-01-05-01-02-01-22,385,383,116,0,0,0,116,0.302872062663185,0.124940194189548,0
03-01-05-01-02-01-23,325,322,61,0,0,4,57,0.177018633540373,0.230367302894592,0
03-01-05-01-02-01-24,365,363,101,0,2,3,96,0.264462809917355,0.260842263698578,0
03-01-05-01-02-02-01,372,369,90,0,1,4,85,0.230352303523035,0.179089218378067,0
03-01-05-01-02-02-02,378,376,96,0,0,0,96,0.25531914893617,0.163578420877457,0
03-01-05-01-02-02-03,382,379,98,0,0,4,94,0.24802110817942,0.160188302397728,0
03-01-05-01-02-02-04,372,369,101,0,1,2,98,0.265582655826558,0.0995964109897614,0
03-01-05-01-02-02-05,438,436,94,0,1,5,88,0.201834862385321,0.067746989428997,0
03-01-05-01-02-02-06,388,386,121,0,0,3,118,0.305699481865285,0.12787252664566,0
03-01-05-01-02-02-07,398,396,94,1,1,1,91,0.22979797979798,0.149607568979263,0
03-01-05-01-02-02-08,355,353,117,0,0,0,117,0.331444759206799,0.11149650067091,0
03-01-05-01-02-02-09,352,349,92,0,0,0,92,0.263610315186246,0.0614980570971966,0
03-01-05-01-02-02-10,412,409,142,0,0,1,141,0.344743276283619,0.183791935443878,0
03-01-05-01-02-02-11,372,369,117,0,0,4,113,0.306233062330623,0.189359232783318,0
03-01-05-01-02-02-12,412,409,149,0,0,0,149,0.364303178484108,0.0733825117349625,0
03-01-05-01-02-02-13,335,333,84,0,2,4,78,0.234234234234234,0.142600923776627,0
03-01-05-01-02-02-14,388,386,98,5,0,6,87,0.225388601036269,0.168908536434174,0
03-01-05-01-02-02-15,352,349,76,0,0,6,70,0.200573065902579,0.390934586524963,0
03-01-05-01-02-02-16,388,386,110,0,0,3,107,0.27720207253886,0.339093923568726,0
03-01-05-01-02-02-17,352,349,63,0,0,5,58,0.166189111747851,0.12201452255249,0
03-01-05-01-02-02-18,362,359,120,0,0,0,120,0.334261838440111,0.12866185605526,0
03-01-05-01-02-02-19,355,353,86,0,1,3,82,0.232294617563739,0.156322598457336,0
03-01-05-01-02-02-20,378,376,98,0,0,1,97,0.257978723404255,0.182921051979065,0
03-01-05-01-02-02-21,392,389,58,0,3,2,53,0.136246786632391,0.694606840610504,0
03-01-05-01-02-02-22,402,399,136,0,0,0,136,0.340852130325815,0.189235553145409,0
03-01-05-01-02-02-23,332,329,66,0,0,4,62,0.188449848024316,0.187746182084084,0
03-01-05-01-02-02-24,418,416,119,0,0,2,117,0.28125,0.239094153046608,0
03-01-05-02-01-01-01,408,406,109,0,1,1,107,0.263546798029557,0.803171992301941,0
03-01-05-02-01-01-02,388,386,75,0,0,3,72,0.186528497409326,0.454342246055603,0
03-01-05-02-01-01-03,438,436,128,0,1,8,119,0.272935779816514,0.958901107311249,0
03-01-05-02-01-01-04,375,373,79,0,0,6,73,0.195710455764075,0.829415142536163,0
03-01-05-02-01-01-05,338,336,51,0,0,4,47,0.139880952380952,0.548662781715393,0
03-01-05-02-01-01-06,408,406,101,2,2,4,93,0.229064039408867,0.868974626064301,0
03-01-05-02-01-01-07,358,356,38,0,0,4,34,0.0955056179775281,0.752914726734161,0
03-01-05-02-01-01-08,395,393,126,5,0,7,114,0.290076335877863,0.332154989242554,0
03-01-05-02-01-01-09,378,376,58,0,5,8,45,0.11968085106383,1.01586723327637,1
03-01-05-02-01-01-10,415,413,119,0,1,7,111,0.268765133171913,0.938342154026031,0
03-01-05-02-01-01-11,352,349,105,0,0,1,104,0.297994269340974,0.466652542352676,0
03-01-05-02-01-01-12,362,359,92,0,0,2,90,0.250696378830084,0.571637570858002,0
03-01-05-02-01-01-13,365,363,90,0,0,3,87,0.239669421487603,0.893851399421692,0
03-01-05-02-01-01-14,425,423,47,8,3,7,29,0.0685579196217494,1.01627278327942,2
03-01-05-02-01-01-15,352,349,78,0,0,2,76,0.217765042979943,0.407867848873138,0
03-01-05-02-01-01-16,395,393,79,0,1,4,74,0.188295165394402,0.478111803531647,0
03-01-05-02-01-01-17,348,346,63,0,0,3,60,0.173410404624277,0.64131885766983,0
03-01-05-02-01-01-18,368,366,59,5,0,5,49,0.133879781420765,0.984384715557098,0
03-01-05-02-01-01-19,395,393,59,0,2,6,51,0.129770992366412,0.969944953918457,0
03-01-05-02-01-01-20,412,409,64,0,2,2,60,0.146699266503667,0.460025131702423,0
03-01-05-02-01-01-21,435,433,100,0,1,9,90,0.207852193995381,0.95432722568512,0
03-01-05-02-01-01-22,385,383,121,0,1,4,116,0.302872062663185,0.269941836595535,0
03-01-05-02-01-01-23,338,336,88,0,0,0,88,0.261904761904762,0.490150958299637,0
03-01-05-02-01-01-24,435,433,107,0,1,2,104,0.240184757505774,0.471140474081039,0
03-01-05-02-01-02-01,435,433,136,0,0,0,136,0.314087759815243,0.539007902145386,0
03-01-05-02-01-02-02,398,396,87,0,0,5,82,0.207070707070707,0.378432601690292,0
03-01-05-02-01-02-03,438,436,103,0,3,4,96,0.220183486238532,0.922664701938629,0
03-01-05-02-01-02-04,385,383,71,2,0,8,61,0.159268929503916,0.610672116279602,0
03-01-05-02-01-02-05,355,353,31,0,2,5,24,0.0679886685552408,0.669483542442322,0
03-01-05-02-01-02-06,418,416,96,4,2,16,74,0.177884615384615,0.984923362731934,0
03-01-05-02-01-02-07,398,396,74,7,0,10,57,0.143939393939394,0.986271679401398,0
03-01-05-02-01-02-08,375,373,83,0,0,2,81,0.2171581769437,1.02762603759766,6
03-01-05-02-01-02-09,375,373,42,0,2,5,35,0.0938337801608579,0.691404402256012,0
03-01-05-02-01-02-10,445,443,145,0,2,3,140,0.316027088036117,0.745192110538483,0
03-01-05-02-01-02-11,395,393,126,6,1,10,109,0.27735368956743,0.647426128387451,0
03-01-05-02-01-02-12,365,363,93,0,0,1,92,0.253443526170799,0.828751862049103,0
03-01-05-02-01-02-13,425,423,98,3,0,7,88,0.208037825059102,0.518355786800385,0
03-01-05-02-01-02-14,435,433,63,10,3,10,40,0.092378752886836,0.648712575435638,0
03-01-05-02-01-02-15,372,369,88,0,0,4,84,0.227642276422764,0.544353008270264,0
03-01-05-02-01-02-16,372,369,61,0,1,2,58,0.157181571815718,0.992301642894745,0
03-01-05-02-01-02-17,372,369,83,5,0,5,73,0.197831978319783,0.963534951210022,0
03-01-05-02-01-02-18,375,373,68,7,1,11,49,0.131367292225201,0.953860640525818,0
03-01-05-02-01-02-19,478,476,95,0,9,1,85,0.178571428571429,0.863932430744171,0
03-01-05-02-01-02-20,405,403,94,4,2,8,80,0.198511166253102,1.01255202293396,2
03-01-05-02-01-02-21,445,443,114,0,2,4,108,0.243792325056433,0.958021640777588,0
03-01-05-02-01-02-22,388,386,112,0,0,2,110,0.284974093264249,0.317680865526199,0
03-01-05-02-01-02-23,332,329,83,0,0,0,83,0.252279635258359,0.777318358421326,0
03-01-05-02-01-02-24,435,433,128,0,1,7,120,0.277136258660508,0.409900814294815,0
03-01-05-02-02-01-01,412,409,95,0,0,4,91,0.222493887530562,0.543629944324493,0
03-01-05-02-02-01-02,398,396,76,0,0,10,66,0.166666666666667,0.991441786289215,0
03-01-05-02-02-01-03,422,419,72,0,5,6,61,0.145584725536993,0.932995557785034,0
03-01-05-02-02-01-04,368,366,86,1,0,5,80,0.218579234972678,1.05481350421906,1
03-01-05-02-02-01-05,362,359,50,0,1,6,43,0.119777158774373,1.00490581989288,2
03-01-05-02-02-01-06,442,439,124,9,1,6,108,0.246013667425968,0.657061576843262,0
03-01-05-02-02-01-07,382,379,93,0,1,3,89,0.234828496042216,1.03547286987305,3
03-01-05-02-02-01-08,358,356,117,0,0,0,117,0.328651685393258,0.41530242562294,0
03-01-05-02-02-01-09,435,433,93,0,8,2,83,0.191685912240185,0.82351541519165,0
03-01-05-02-02-01-10,385,383,102,0,0,5,97,0.253263707571802,0.867683351039886,0
03-01-05-02-02-01-11,392,389,119,0,3,2,114,0.29305912596401,0.722717940807343,0
03-01-05-02-02-01-12,378,376,105,0,3,1,101,0.268617021276596,0.530193448066711,0
03-01-05-02-02-01-13,355,353,115,0,2,2,111,0.314447592067989,0.707550168037415,0
03-01-05-02-02-01-14,415,413,76,0,3,5,68,0.164648910411622,0.786310374736786,0
03-01-05-02-02-01-15,345,343,61,0,0,2,59,0.17201166180758,0.333995223045349,0
03-01-05-02-02-01-16,378,376,72,0,0,8,64,0.170212765957447,0.798434674739838,0
03-01-05-02-02-01-17,362,359,78,0,0,1,77,0.214484679665738,0.677877366542816,0
03-01-05-02-02-01-18,382,379,55,4,2,6,43,0.113456464379947,0.974750518798828,0
03-01-05-02-02-01-19,432,429,109,0,4,5,100,0.233100233100233,1.01901185512543,2
03-01-05-02-02-01-20,438,436,73,0,2,4,67,0.153669724770642,0.993551075458527,0
03-01-05-02-02-01-21,408,406,90,0,4,3,83,0.204433497536946,0.67123007774353,0
03-01-05-02-02-01-22,422,419,125,0,0,1,124,0.295942720763723,0.586203932762146,0
03-01-05-02-02-01-23,322,319,72,2,0,4,66,0.206896551724138,1.00127112865448,1
03-01-05-02-02-01-24,415,413,131,0,4,3,124,0.300242130750605,0.252925664186478,0
03-01-05-02-02-02-01,442,439,129,0,3,5,121,0.275626423690205,0.998542368412018,0
03-01-05-02-02-02-02,398,396,77,0,0,9,68,0.171717171717172,0.627187550067902,0
03-01-05-02-02-02-03,448,446,125,0,1,4,120,0.269058295964126,0.934665322303772,0
03-01-05-02-02-02-04,382,379,83,1,1,6,75,0.197889182058047,0.593679189682007,0
03-01-05-02-02-02-05,362,359,80,0,1,0,79,0.220055710306407,0.997738003730774,0
03-01-05-02-02-02-06,445,443,125,12,0,4,109,0.246049661399549,0.793810248374939,0
03-01-05-02-02-02-07,432,429,120,2,5,6,107,0.249417249417249,0.990978002548218,0
03-01-05-02-02-02-08,362,359,101,0,1,2,98,0.272980501392758,0.509287297725677,0
03-01-05-02-02-02-09,395,393,89,0,6,2,81,0.206106870229008,0.718790590763092,0
03-01-05-02-02-02-10,412,409,161,0,0,1,160,0.39119804400978,0.693863272666931,0
03-01-05-02-02-02-11,375,373,126,0,0,3,123,0.329758713136729,0.924111366271973,0
03-01-05-02-02-02-12,382,379,96,0,2,4,90,0.237467018469657,0.599876046180725,0
03-01-05-02-02-02-13,415,413,115,0,0,7,108,0.261501210653753,1.00772929191589,2
03-01-05-02-02-02-14,438,436,63,0,4,10,49,0.112385321100917,0.790647566318512,0
03-01-05-02-02-02-15,358,356,76,0,0,4,72,0.202247191011236,0.937666535377502,0
03-01-05-02-02-02-16,405,403,88,0,0,7,81,0.200992555831266,0.506454825401306,0
03-01-05-02-02-02-17,378,376,85,0,0,2,83,0.220744680851064,0.685547888278961,0
03-01-05-02-02-02-18,422,419,77,4,4,4,65,0.155131264916468,0.843102812767029,0
03-01-05-02-02-02-19,408,406,59,0,1,6,52,0.12807881773399,0.787491321563721,0
03-01-05-02-02-02-20,352,349,56,0,1,3,52,0.148997134670487,0.344234555959702,0
03-01-05-02-02-02-21,422,419,79,2,2,6,69,0.164677804295943,1.00553143024445,1
03-01-05-02-02-02-22,418,416,125,0,5,2,118,0.283653846153846,0.440185904502869,0
03-01-05-02-02-02-23,328,326,79,0,0,2,77,0.236196319018405,0.968966245651245,0
03-01-05-02-02-02-24,509,506,146,0,4,8,134,0.264822134387352,0.345562249422073,0
