ActorID,Emotion,GroupCount
1,angry,8
1,happy,8
1,neutral,4
1,sad,8
2,angry,8
2,happy,8
2,neutral,4
2,sad,8
3,angry,8
3,happy,8
3,neutral,4
3,sad,8
4,angry,8
4,happy,8
4,neutral,4
4,sad,8
5,angry,8
5,happy,8
5,neutral,4
5,sad,8
6,angry,8
6,happy,8
6,neutral,4
6,sad,8
7,angry,8
7,happy,8
7,neutral,4
7,sad,8
8,angry,8
8,happy,8
8,neutral,4
8,sad,8
9,angry,8
9,happy,8
9,neutral,4
9,sad,8
10,angry,8
10,happy,8
10,neutral,4
10,sad,8
11,angry,8
11,happy,8
11,neutral,4
11,sad,8
12,angry,8
12,happy,8
12,neutral,4
12,sad,8
13,angry,8
13,happy,8
13,neutral,4
13,sad,8
14,angry,8
14,happy,8
14,neutral,4
14,sad,8
15,angry,8
15,happy,8
15,neutral,4
15,sad,8
16,angry,8
16,happy,8
16,neutral,4
16,sad,8
17,angry,8
17,happy,8
17,neutral,4
17,sad,8
18,angry,8
18,happy,8
18,neutral,4
18,sad,8
19,angry,8
19,happy,8
19,neutral,4
19,sad,8
20,angry,8
20,happy,8
20,neutral,4
20,sad,8
21,angry,8
21,happy,8
21,neutral,4
21,sad,8
22,angry,8
22,happy,8
22,neutral,4
22,sad,8
23,angry,8
23,happy,8
23,neutral,4
23,sad,8
24,angry,8
24,happy,8
24,neutral,4
24,sad,8
