RecordingID,ActorID,Emotion,SpeakerSplit
03-01-01-01-01-01-01,1,neutral,train
03-01-01-01-01-01-02,2,neutral,train
03-01-01-01-01-01-03,3,neutral,train
03-01-01-01-01-01-04,4,neutral,test
03-01-01-01-01-01-05,5,neutral,train
03-01-01-01-01-01-06,6,neutral,test
03-01-01-01-01-01-07,7,neutral,train
03-01-01-01-01-01-08,8,neutral,test
03-01-01-01-01-01-09,9,neutral,train
03-01-01-01-01-01-10,10,neutral,train
03-01-01-01-01-01-11,11,neutral,test
03-01-01-01-01-01-12,12,neutral,train
03-01-01-01-01-01-13,13,neutral,train
03-01-01-01-01-01-14,14,neutral,train
03-01-01-01-01-01-15,15,neutral,train
03-01-01-01-01-01-16,16,neutral,train
03-01-01-01-01-01-17,17,neutral,train
03-01-01-01-01-01-18,18,neutral,train
03-01-01-01-01-01-19,19,neutral,train
03-01-01-01-01-01-20,20,neutral,train
03-01-01-01-01-01-21,21,neutral,train
03-01-01-01-01-01-22,22,neutral,test
03-01-01-01-01-01-23,23,neutral,train
03-01-01-01-01-01-24,24,neutral,train
03-01-01-01-01-02-01,1,neutral,train
03-01-01-01-01-02-02,2,neutral,train
03-01-01-01-01-02-03,3,neutral,test
03-01-01-01-01-02-04,4,neutral,train
03-01-01-01-01-02-05,5,neutral,train
03-01-01-01-01-02-06,6,neutral,train
03-01-01-01-01-02-07,7,neutral,train
03-01-01-01-01-02-08,8,neutral,train
03-01-01-01-01-02-09,9,neutral,test
03-01-01-01-01-02-10,10,neutral,train
03-01-01-01-01-02-11,11,neutral,train
03-01-01-01-01-02-12,12,neutral,test
03-01-01-01-01-02-13,13,neutral,test
03-01-01-01-01-02-14,14,neutral,train
03-01-01-01-01-02-15,15,neutral,train
03-01-01-01-01-02-16,16,neutral,train
03-01-01-01-01-02-17,17,neutral,train
03-01-01-01-01-02-18,18,neutral,test
03-01-01-01-01-02-19,19,neutral,train
03-01-01-01-01-02-20,20,neutral,train
03-01-01-01-01-02-21,21,neutral,train
03-01-01-01-01-02-22,22,neutral,train
03-01-01-01-01-02-23,23,neutral,train
03-01-01-01-01-02-24,24,neutral,train
03-01-01-01-02-01-01,1,neutral,test
03-01-01-01-02-01-02,2,neutral,test
03-01-01-01-02-01-03,3,neutral,train
03-01-01-01-02-01-04,4,neutral,train
03-01-01-01-02-01-05,5,neutral,test
03-01-01-01-02-01-06,6,neutral,train
03-01-01-01-02-01-07,7,neutral,train
03-01-01-01-02-01-08,8,neutral,train
03-01-01-01-02-01-09,9,neutral,train
03-01-01-01-02-01-10,10,neutral,train
03-01-01-01-02-01-11,11,neutral,train
03-01-01-01-02-01-12,12,neutral,train
03-01-01-01-02-01-13,13,neutral,train
03-01-01-01-02-01-14,14,neutral,train
03-01-01-01-02-01-15,15,neutral,train
03-01-01-01-02-01-16,16,neutral,train
03-01-01-01-02-01-17,17,neutral,test
03-01-01-01-02-01-18,18,neutral,train
03-01-01-01-02-01-19,19,neutral,test
03-01-01-01-02-01-20,20,neutral,train
03-01-01-01-02-01-21,21,neutral,test
03-01-01-01-02-01-22,22,neutral,train
03-01-01-01-02-01-23,23,neutral,train
03-01-01-01-02-01-24,24,neutral,test
03-01-01-01-02-02-01,1,neutral,train
03-01-01-01-02-02-02,2,neutral,train
03-01-01-01-02-02-03,3,neutral,train
03-01-01-01-02-02-04,4,neutral,train
03-01-01-01-02-02-05,5,neutral,train
03-01-01-01-02-02-06,6,neutral,train
03-01-01-01-02-02-07,7,neutral,test
03-01-01-01-02-02-08,8,neutral,train
03-01-01-01-02-02-09,9,neutral,train
03-01-01-01-02-02-10,10,neutral,test
03-01-01-01-02-02-11,11,neutral,train
03-01-01-01-02-02-12,12,neutral,train
03-01-01-01-02-02-13,13,neutral,train
03-01-01-01-02-02-14,14,neutral,test
03-01-01-01-02-02-15,15,neutral,test
03-01-01-01-02-02-16,16,neutral,test
03-01-01-01-02-02-17,17,neutral,train
03-01-01-01-02-02-18,18,neutral,train
03-01-01-01-02-02-19,19,neutral,train
03-01-01-01-02-02-20,20,neutral,test
03-01-01-01-02-02-21,21,neutral,train
03-01-01-01-02-02-22,22,neutral,train
03-01-01-01-02-02-23,23,neutral,test
03-01-01-01-02-02-24,24,neutral,train
03-01-03-01-01-01-01,1,happy,test
03-01-03-01-01-01-02,2,happy,train
03-01-03-01-01-01-03,3,happy,train
03-01-03-01-01-01-04,4,happy,test
03-01-03-01-01-01-05,5,happy,train
03-01-03-01-01-01-06,6,happy,train
03-01-03-01-01-01-07,7,happy,train
03-01-03-01-01-01-08,8,happy,train
03-01-03-01-01-01-09,9,happy,test
03-01-03-01-01-01-10,10,happy,test
03-01-03-01-01-01-11,11,happy,train
03-01-03-01-01-01-12,12,happy,test
03-01-03-01-01-01-13,13,happy,test
03-01-03-01-01-01-14,14,happy,train
03-01-03-01-01-01-15,15,happy,train
03-01-03-01-01-01-16,16,happy,train
03-01-03-01-01-01-17,17,happy,train
03-01-03-01-01-01-18,18,happy,train
03-01-03-01-01-01-19,19,happy,train
03-01-03-01-01-01-20,20,happy,train
03-01-03-01-01-01-21,21,happy,test
03-01-03-01-01-01-22,22,happy,test
03-01-03-01-01-01-23,23,happy,train
03-01-03-01-01-01-24,24,happy,test
03-01-03-01-01-02-01,1,happy,train
03-01-03-01-01-02-02,2,happy,test
03-01-03-01-01-02-03,3,happy,test
03-01-03-01-01-02-04,4,happy,train
03-01-03-01-01-02-05,5,happy,test
03-01-03-01-01-02-06,6,happy,test
03-01-03-01-01-02-07,7,happy,test
03-01-03-01-01-02-08,8,happy,train
03-01-03-01-01-02-09,9,happy,train
03-01-03-01-01-02-10,10,happy,train
03-01-03-01-01-02-11,11,happy,train
03-01-03-01-01-02-12,12,happy,train
03-01-03-01-01-02-13,13,happy,test
03-01-03-01-01-02-14,14,happy,train
03-01-03-01-01-02-15,15,happy,train
03-01-03-01-01-02-16,16,happy,train
03-01-03-01-01-02-17,17,happy,train
03-01-03-01-01-02-18,18,happy,test
03-01-03-01-01-02-19,19,happy,train
03-01-03-01-01-02-20,20,happy,train
03-01-03-01-01-02-21,21,happy,train
03-01-03-01-01-02-22,22,happy,test
03-01-03-01-01-02-23,23,happy,train
03-01-03-01-01-02-24,24,happy,train
03-01-03-01-02-01-01,1,happy,train
03-01-03-01-02-01-02,2,happy,train
03-01-03-01-02-01-03,3,happy,train
03-01-03-01-02-01-04,4,happy,train
03-01-03-01-02-01-05,5,happy,test
03-01-03-01-02-01-06,6,happy,train
03-01-03-01-02-01-07,7,happy,train
03-01-03-01-02-01-08,8,happy,test
03-01-03-01-02-01-09,9,happy,train
03-01-03-01-02-01-10,10,happy,train
03-01-03-01-02-01-11,11,happy,train
03-01-03-01-02-01-12,12,happy,train
03-01-03-01-02-01-13,13,happy,train
03-01-03-01-02-01-14,14,happy,train
03-01-03-01-02-01-15,15,happy,test
03-01-03-01-02-01-16,16,happy,test
03-01-03-01-02-01-17,17,happy,test
03-01-03-01-02-01-18,18,happy,test
03-01-03-01-02-01-19,19,happy,train
03-01-03-01-02-01-20,20,happy,test
03-01-03-01-02-01-21,21,happy,train
03-01-03-01-02-01-22,22,happy,train
03-01-03-01-02-01-23,23,happy,train
03-01-03-01-02-01-24,24,happy,train
03-01-03-01-02-02-01,1,happy,train
03-01-03-01-02-02-02,2,happy,train
03-01-03-01-02-02-03,3,happy,train
03-01-03-01-02-02-04,4,happy,train
03-01-03-01-02-02-05,5,happy,train
03-01-03-01-02-02-06,6,happy,test
03-01-03-01-02-02-07,7,happy,test
03-01-03-01-02-02-08,8,happy,train
03-01-03-01-02-02-09,9,happy,train
03-01-03-01-02-02-10,10,happy,train
03-01-03-01-02-02-11,11,happy,train
03-01-03-01-02-02-12,12,happy,train
03-01-03-01-02-02-13,13,happy,train
03-01-03-01-02-02-14,14,happy,test
03-01-03-01-02-02-15,15,happy,train
03-01-03-01-02-02-16,16,happy,test
03-01-03-01-02-02-17,17,happy,train
03-01-03-01-02-02-18,18,happy,train
03-01-03-01-02-02-19,19,happy,test
03-01-03-01-02-02-20,20,happy,train
03-01-03-01-02-02-21,21,happy,train
03-01-03-01-02-02-22,22,happy,train
03-01-03-01-02-02-23,23,happy,train
03-01-03-01-02-02-24,24,happy,test
03-01-03-02-01-01-01,1,happy,train
03-01-03-02-01-01-02,2,happy,test
03-01-03-02-01-01-03,3,happy,train
03-01-03-02-01-01-04,4,happy,train
03-01-03-02-01-01-05,5,happy,train
03-01-03-02-01-01-06,6,happy,train
03-01-03-02-01-01-07,7,happy,train
03-01-03-02-01-01-08,8,happy,train
03-01-03-02-01-01-09,9,happy,train
03-01-03-02-01-01-10,10,happy,train
03-01-03-02-01-01-11,11,happy,test
03-01-03-02-01-01-12,12,happy,train
03-01-03-02-01-01-13,13,happy,train
03-01-03-02-01-01-14,14,happy,train
03-01-03-02-01-01-15,15,happy,test
03-01-03-02-01-01-16,16,happy,train
03-01-03-02-01-01-17,17,happy,train
03-01-03-02-01-01-18,18,happy,train
03-01-03-02-01-01-19,19,happy,train
03-01-03-02-01-01-20,20,happy,test
03-01-03-02-01-01-21,21,happy,train
03-01-03-02-01-01-22,22,happy,train
03-01-03-02-01-01-23,23,happy,train
03-01-03-02-01-01-24,24,happy,train
03-01-03-02-01-02-01,1,happy,test
03-01-03-02-01-02-02,2,happy,train
03-01-03-02-01-02-03,3,happy,train
03-01-03-02-01-02-04,4,happy,test
03-01-03-02-01-02-05,5,happy,train
03-01-03-02-01-02-06,6,happy,train
03-01-03-02-01-02-07,7,happy,train
03-01-03-02-01-02-08,8,happy,test
03-01-03-02-01-02-09,9,happy,train
03-01-03-02-01-02-10,10,happy,test
03-01-03-02-01-02-11,11,happy,train
03-01-03-02-01-02-12,12,happy,test
03-01-03-02-01-02-13,13,happy,train
03-01-03-02-01-02-14,14,happy,train
03-01-03-02-01-02-15,15,happy,train
03-01-03-02-01-02-16,16,happy,train
03-01-03-02-01-02-17,17,happy,test
03-01-03-02-01-02-18,18,happy,train
03-01-03-02-01-02-19,19,happy,test
03-01-03-02-01-02-20,20,happy,train
03-01-03-02-01-02-21,21,happy,test
03-01-03-02-01-02-22,22,happy,train
03-01-03-02-01-02-23,23,happy,train
03-01-03-02-01-02-24,24,happy,train
03-01-03-02-02-01-01,1,happy,train
03-01-03-02-02-01-02,2,happy,train
03-01-03-02-02-01-03,3,happy,test
03-01-03-02-02-01-04,4,happy,train
03-01-03-02-02-01-05,5,happy,train
03-01-03-02-02-01-06,6,happy,train
03-01-03-02-02-01-07,7,happy,train
03-01-03-02-02-01-08,8,happy,train
03-01-03-02-02-01-09,9,happy,train
03-01-03-02-02-01-10,10,happy,train
03-01-03-02-02-01-11,11,happy,train
03-01-03-02-02-01-12,12,happy,train
03-01-03-02-02-01-13,13,happy,train
03-01-03-02-02-01-14,14,happy,train
03-01-03-02-02-01-15,15,happy,train
03-01-03-02-02-01-16,16,happy,train
03-01-03-02-02-01-17,17,happy,train
03-01-03-02-02-01-18,18,happy,train
03-01-03-02-02-01-19,19,happy,train
03-01-03-02-02-01-20,20,happy,train
03-01-03-02-02-01-21,21,happy,train
03-01-03-02-02-01-22,22,happy,train
03-01-03-02-02-01-23,23,happy,test
03-01-03-02-02-01-24,24,happy,train
03-01-03-02-02-02-01,1,happy,train
03-01-03-02-02-02-02,2,happy,train
03-01-03-02-02-02-03,3,happy,train
03-01-03-02-02-02-04,4,happy,train
03-01-03-02-02-02-05,5,happy,train
03-01-03-02-02-02-06,6,happy,train
03-01-03-02-02-02-07,7,happy,train
03-01-03-02-02-02-08,8,happy,train
03-01-03-02-02-02-09,9,happy,test
03-01-03-02-02-02-10,10,happy,train
03-01-03-02-02-02-11,11,happy,test
03-01-03-02-02-02-12,12,happy,train
03-01-03-02-02-02-13,13,happy,train
03-01-03-02-02-02-14,14,happy,test
03-01-03-02-02-02-15,15,happy,train
03-01-03-02-02-02-16,16,happy,train
03-01-03-02-02-02-17,17,happy,train
03-01-03-02-02-02-18,18,happy,train
03-01-03-02-02-02-19,19,happy,train
03-01-03-02-02-02-20,20,happy,train
03-01-03-02-02-02-21,21,happy,train
03-01-03-02-02-02-22,22,happy,train
03-01-03-02-02-02-23,23,happy,test
03-01-03-02-02-02-24,24,happy,train
03-01-04-01-01-01-01,1,sad,train
03-01-04-01-01-01-02,2,sad,train
03-01-04-01-01-01-03,3,sad,train
03-01-04-01-01-01-04,4,sad,train
03-01-04-01-01-01-05,5,sad,train
03-01-04-01-01-01-06,6,sad,train
03-01-04-01-01-01-07,7,sad,train
03-01-04-01-01-01-08,8,sad,train
03-01-04-01-01-01-09,9,sad,train
03-01-04-01-01-01-10,10,sad,test
03-01-04-01-01-01-11,11,sad,train
03-01-04-01-01-01-12,12,sad,train
03-01-04-01-01-01-13,13,sad,train
03-01-04-01-01-01-14,14,sad,train
03-01-04-01-01-01-15,15,sad,train
03-01-04-01-01-01-16,16,sad,test
03-01-04-01-01-01-17,17,sad,train
03-01-04-01-01-01-18,18,sad,test
03-01-04-01-01-01-19,19,sad,train
03-01-04-01-01-01-20,20,sad,train
03-01-04-01-01-01-21,21,sad,test
03-01-04-01-01-01-22,22,sad,train
03-01-04-01-01-01-23,23,sad,train
03-01-04-01-01-01-24,24,sad,train
03-01-04-01-01-02-01,1,sad,train
03-01-04-01-01-02-02,2,sad,train
03-01-04-01-01-02-03,3,sad,test
03-01-04-01-01-02-04,4,sad,train
03-01-04-01-01-02-05,5,sad,test
03-01-04-01-01-02-06,6,sad,train
03-01-04-01-01-02-07,7,sad,train
03-01-04-01-01-02-08,8,sad,test
03-01-04-01-01-02-09,9,sad,train
03-01-04-01-01-02-10,10,sad,train
03-01-04-01-01-02-11,11,sad,train
03-01-04-01-01-02-12,12,sad,train
03-01-04-01-01-02-13,13,sad,test
03-01-04-01-01-02-14,14,sad,train
03-01-04-01-01-02-15,15,sad,test
03-01-04-01-01-02-16,16,sad,train
03-01-04-01-01-02-17,17,sad,test
03-01-04-01-01-02-18,18,sad,train
03-01-04-01-01-02-19,19,sad,train
03-01-04-01-01-02-20,20,sad,test
03-01-04-01-01-02-21,21,sad,train
03-01-04-01-01-02-22,22,sad,train
03-01-04-01-01-02-23,23,sad,train
03-01-04-01-01-02-24,24,sad,train
03-01-04-01-02-01-01,1,sad,train
03-01-04-01-02-01-02,2,sad,test
03-01-04-01-02-01-03,3,sad,train
03-01-04-01-02-01-04,4,sad,test
03-01-04-01-02-01-05,5,sad,train
03-01-04-01-02-01-06,6,sad,train
03-01-04-01-02-01-07,7,sad,test
03-01-04-01-02-01-08,8,sad,train
03-01-04-01-02-01-09,9,sad,test
03-01-04-01-02-01-10,10,sad,train
03-01-04-01-02-01-11,11,sad,train
03-01-04-01-02-01-12,12,sad,test
03-01-04-01-02-01-13,13,sad,train
03-01-04-01-02-01-14,14,sad,train
03-01-04-01-02-01-15,15,sad,train
03-01-04-01-02-01-16,16,sad,train
03-01-04-01-02-01-17,17,sad,train
03-01-04-01-02-01-18,18,sad,train
03-01-04-01-02-01-19,19,sad,train
03-01-04-01-02-01-20,20,sad,train
03-01-04-01-02-01-21,21,sad,train
03-01-04-01-02-01-22,22,sad,train
03-01-04-01-02-01-23,23,sad,test
03-01-04-01-02-01-24,24,sad,train
03-01-04-01-02-02-01,1,sad,train
03-01-04-01-02-02-02,2,sad,train
03-01-04-01-02-02-03,3,sad,train
03-01-04-01-02-02-04,4,sad,train
03-01-04-01-02-02-05,5,sad,train
03-01-04-01-02-02-06,6,sad,train
03-01-04-01-02-02-07,7,sad,train
03-01-04-01-02-02-08,8,sad,train
03-01-04-01-02-02-09,9,sad,train
03-01-04-01-02-02-10,10,sad,train
03-01-04-01-02-02-11,11,sad,train
03-01-04-01-02-02-12,12,sad,test
03-01-04-01-02-02-13,13,sad,train
03-01-04-01-02-02-14,14,sad,train
03-01-04-01-02-02-15,15,sad,train
03-01-04-01-02-02-16,16,sad,train
03-01-04-01-02-02-17,17,sad,test
03-01-04-01-02-02-18,18,sad,test
03-01-04-01-02-02-19,19,sad,test
03-01-04-01-02-02-20,20,sad,train
03-01-04-01-02-02-21,21,sad,train
03-01-04-01-02-02-22,22,sad,train
03-01-04-01-02-02-23,23,sad,test
03-01-04-01-02-02-24,24,sad,test
03-01-04-02-01-01-01,1,sad,train
03-01-04-02-01-01-02,2,sad,test
03-01-04-02-01-01-03,3,sad,test
03-01-04-02-01-01-04,4,sad,train
03-01-04-02-01-01-05,5,sad,train
03-01-04-02-01-01-06,6,sad,test
03-01-04-02-01-01-07,7,sad,train
03-01-04-02-01-01-08,8,sad,train
03-01-04-02-01-01-09,9,sad,train
03-01-04-02-01-01-10,10,sad,train
03-01-04-02-01-01-11,11,sad,train
03-01-04-02-01-01-12,12,sad,train
03-01-04-02-01-01-13,13,sad,train
03-01-04-02-01-01-14,14,sad,test
03-01-04-02-01-01-15,15,sad,test
03-01-04-02-01-01-16,16,sad,train
03-01-04-02-01-01-17,17,sad,train
03-01-04-02-01-01-18,18,sad,train
03-01-04-02-01-01-19,19,sad,test
03-01-04-02-01-01-20,20,sad,train
03-01-04-02-01-01-21,21,sad,train
03-01-04-02-01-01-22,22,sad,train
03-01-04-02-01-01-23,23,sad,train
03-01-04-02-01-01-24,24,sad,train
03-01-04-02-01-02-01,1,sad,test
03-01-04-02-01-02-02,2,sad,train
03-01-04-02-01-02-03,3,sad,train
03-01-04-02-01-02-04,4,sad,test
03-01-04-02-01-02-05,5,sad,train
03-01-04-02-01-02-06,6,sad,train
03-01-04-02-01-02-07,7,sad,train
03-01-04-02-01-02-08,8,sad,train
03-01-04-02-01-02-09,9,sad,train
03-01-04-02-01-02-10,10,sad,train
03-01-04-02-01-02-11,11,sad,test
03-01-04-02-01-02-12,12,sad,train
03-01-04-02-01-02-13,13,sad,train
03-01-04-02-01-02-14,14,sad,train
03-01-04-02-01-02-15,15,sad,train
03-01-04-02-01-02-16,16,sad,train
03-01-04-02-01-02-17,17,sad,train
03-01-04-02-01-02-18,18,sad,train
03-01-04-02-01-02-19,19,sad,train
03-01-04-02-01-02-20,20,sad,train
03-01-04-02-01-02-21,21,sad,train
03-01-04-02-01-02-22,22,sad,test
03-01-04-02-01-02-23,23,sad,train
03-01-04-02-01-02-24,24,sad,train
03-01-04-02-02-01-01,1,sad,train
03-01-04-02-02-01-02,2,sad,train
03-01-04-02-02-01-03,3,sad,train
03-01-04-02-02-01-04,4,sad,train
03-01-04-02-02-01-05,5,sad,train
03-01-04-02-02-01-06,6,sad,test
03-01-04-02-02-01-07,7,sad,train
03-01-04-02-02-01-08,8,sad,test
03-01-04-02-02-01-09,9,sad,test
03-01-04-02-02-01-10,10,sad,train
03-01-04-02-02-01-11,11,sad,test
03-01-04-02-02-01-12,12,sad,train
03-01-04-02-02-01-13,13,sad,test
03-01-04-02-02-01-14,14,sad,test
03-01-04-02-02-01-15,15,sad,train
03-01-04-02-02-01-16,16,sad,train
03-01-04-02-02-01-17,17,sad,train
03-01-04-02-02-01-18,18,sad,train
03-01-04-02-02-01-19,19,sad,train
03-01-04-02-02-01-20,20,sad,train
03-01-04-02-02-01-21,21,sad,test
03-01-04-02-02-01-22,22,sad,train
03-01-04-02-02-01-23,23,sad,train
03-01-04-02-02-01-24,24,sad,train
03-01-04-02-02-02-01,1,sad,test
03-01-04-02-02-02-02,2,sad,train
03-01-04-02-02-02-03,3,sad,train
03-01-04-02-02-02-04,4,sad,train
03-01-04-02-02-02-05,5,sad,test
03-01-04-02-02-02-06,6,sad,train
03-01-04-02-02-02-07,7,sad,test
03-01-04-02-02-02-08,8,sad,train
03-01-04-02-02-02-09,9,sad,train
03-01-04-02-02-02-10,10,sad,test
03-01-04-02-02-02-11,11,sad,train
03-01-04-02-02-02-12,12,sad,train
03-01-04-02-02-02-13,13,sad,train
03-01-04-02-02-02-14,14,sad,train
03-01-04-02-02-02-15,15,sad,train
03-01-04-02-02-02-16,16,sad,test
03-01-04-02-02-02-17,17,sad,train
03-01-04-02-02-02-18,18,sad,train
03-01-04-02-02-02-19,19,sad,train
03-01-04-02-02-02-20,20,sad,test
03-01-04-02-02-02-21,21,sad,train
03-01-04-02-02-02-22,22,sad,test
03-01-04-02-02-02-23,23,sad,train
03-01-04-02-02-02-24,24,sad,test
03-01-05-01-01-01-01,1,angry,train
03-01-05-01-01-01-02,2,angry,train
03-01-05-01-01-01-03,3,angry,train
03-01-05-01-01-01-04,4,angry,train
03-01-05-01-01-01-05,5,angry,train
03-01-05-01-01-01-06,6,angry,test
03-01-05-01-01-01-07,7,angry,train
03-01-05-01-01-01-08,8,angry,train
03-01-05-01-01-01-09,9,angry,train
03-01-05-01-01-01-10,10,angry,train
03-01-05-01-01-01-11,11,angry,train
03-01-05-01-01-01-12,12,angry,train
03-01-05-01-01-01-13,13,angry,train
03-01-05-01-01-01-14,14,angry,train
03-01-05-01-01-01-15,15,angry,train
03-01-05-01-01-01-16,16,angry,train
03-01-05-01-01-01-17,17,angry,train
03-01-05-01-01-01-18,18,angry,train
03-01-05-01-01-01-19,19,angry,train
03-01-05-01-01-01-20,20,angry,test
03-01-05-01-01-01-21,21,angry,train
03-01-05-01-01-01-22,22,angry,train
03-01-05-01-01-01-23,23,angry,train
03-01-05-01-01-01-24,24,angry,train
03-01-05-01-01-02-01,1,angry,test
03-01-05-01-01-02-02,2,angry,train
03-01-05-01-01-02-03,3,angry,train
03-01-05-01-01-02-04,4,angry,train
03-01-05-01-01-02-05,5,angry,train
03-01-05-01-01-02-06,6,angry,train
03-01-05-01-01-02-07,7,angry,train
03-01-05-01-01-02-08,8,angry,test
03-01-05-01-01-02-09,9,angry,train
03-01-05-01-01-02-10,10,angry,train
03-01-05-01-01-02-11,11,angry,train
03-01-05-01-01-02-12,12,angry,train
03-01-05-01-01-02-13,13,angry,train
03-01-05-01-01-02-14,14,angry,train
03-01-05-01-01-02-15,15,angry,train
03-01-05-01-01-02-16,16,angry,test
03-01-05-01-01-02-17,17,angry,train
03-01-05-01-01-02-18,18,angry,test
03-01-05-01-01-02-19,19,angry,test
03-01-05-01-01-02-20,20,angry,train
03-01-05-01-01-02-21,21,angry,train
03-01-05-01-01-02-22,22,angry,train
03-01-05-01-01-02-23,23,angry,train
03-01-05-01-01-02-24,24,angry,train
03-01-05-01-02-01-01,1,angry,train
03-01-05-01-02-01-02,2,angry,train
03-01-05-01-02-01-03,3,angry,test
03-01-05-01-02-01-04,4,angry,train
03-01-05-01-02-01-05,5,angry,train
03-01-05-01-02-01-06,6,angry,test
03-01-05-01-02-01-07,7,angry,test
03-01-05-01-02-01-08,8,angry,train
03-01-05-01-02-01-09,9,angry,train
03-01-05-01-02-01-10,10,angry,test
03-01-05-01-02-01-11,11,angry,train
03-01-05-01-02-01-12,12,angry,train
03-01-05-01-02-01-13,13,angry,train
03-01-05-01-02-01-14,14,angry,train
03-01-05-01-02-01-15,15,angry,train
03-01-05-01-02-01-16,16,angry,train
03-01-05-01-02-01-17,17,angry,train
03-01-05-01-02-01-18,18,angry,train
03-01-05-01-02-01-19,19,angry,train
03-01-05-01-02-01-20,20,angry,train
03-01-05-01-02-01-21,21,angry,test
03-01-05-01-02-01-22,22,angry,train
03-01-05-01-02-01-23,23,angry,test
03-01-05-01-02-01-24,24,angry,train
03-01-05-01-02-02-01,1,angry,train
03-01-05-01-02-02-02,2,angry,train
03-01-05-01-02-02-03,3,angry,train
03-01-05-01-02-02-04,4,angry,train
03-01-05-01-02-02-05,5,angry,test
03-01-05-01-02-02-06,6,angry,train
03-01-05-01-02-02-07,7,angry,train
03-01-05-01-02-02-08,8,angry,train
03-01-05-01-02-02-09,9,angry,train
03-01-05-01-02-02-10,10,angry,test
03-01-05-01-02-02-11,11,angry,test
03-01-05-01-02-02-12,12,angry,train
03-01-05-01-02-02-13,13,angry,train
03-01-05-01-02-02-14,14,angry,train
03-01-05-01-02-02-15,15,angry,train
03-01-05-01-02-02-16,16,angry,train
03-01-05-01-02-02-17,17,angry,test
03-01-05-01-02-02-18,18,angry,train
03-01-05-01-02-02-19,19,angry,test
03-01-05-01-02-02-20,20,angry,train
03-01-05-01-02-02-21,21,angry,train
03-01-05-01-02-02-22,22,angry,train
03-01-05-01-02-02-23,23,angry,train
03-01-05-01-02-02-24,24,angry,test
03-01-05-02-01-01-01,1,angry,train
03-01-05-02-01-01-02,2,angry,test
03-01-05-02-01-01-03,3,angry,train
03-01-05-02-01-01-04,4,angry,test
03-01-05-02-01-01-05,5,angry,train
03-01-05-02-01-01-06,6,angry,train
03-01-05-02-01-01-07,7,angry,test
03-01-05-02-01-01-08,8,angry,train
03-01-05-02-01-01-09,9,angry,train
03-01-05-02-01-01-10,10,angry,train
03-01-05-02-01-01-11,11,angry,test
03-01-05-02-01-01-12,12,angry,train
03-01-05-02-01-01-13,13,angry,train
03-01-05-02-01-01-14,14,angry,train
03-01-05-02-01-01-15,15,angry,train
03-01-05-02-01-01-16,16,angry,train
03-01-05-02-01-01-17,17,angry,test
03-01-05-02-01-01-18,18,angry,train
03-01-05-02-01-01-19,19,angry,train
03-01-05-02-01-01-20,20,angry,train
03-01-05-02-01-01-21,21,angry,train
03-01-05-02-01-01-22,22,angry,train
03-01-05-02-01-01-23,23,angry,train
03-01-05-02-01-01-24,24,angry,train
03-01-05-02-01-02-01,1,angry,train
03-01-05-02-01-02-02,2,angry,train
03-01-05-02-01-02-03,3,angry,test
03-01-05-02-01-02-04,4,angry,test
03-01-05-02-01-02-05,5,angry,train
03-01-05-02-01-02-06,6,angry,train
03-01-05-02-01-02-07,7,angry,train
03-01-05-02-01-02-08,8,angry,test
03-01-05-02-01-02-09,9,angry,test
03-01-05-02-01-02-10,10,angry,train
03-01-05-02-01-02-11,11,angry,train
03-01-05-02-01-02-12,12,angry,train
03-01-05-02-01-02-13,13,angry,test
03-01-05-02-01-02-14,14,angry,train
03-01-05-02-01-02-15,15,angry,test
03-01-05-02-01-02-16,16,angry,train
03-01-05-02-01-02-17,17,angry,train
03-01-05-02-01-02-18,18,angry,train
03-01-05-02-01-02-19,19,angry,train
03-01-05-02-01-02-20,20,angry,train
03-01-05-02-01-02-21,21,angry,train
03-01-05-02-01-02-22,22,angry,train
03-01-05-02-01-02-23,23,angry,test
03-01-05-02-01-02-24,24,angry,test
03-01-05-02-02-01-01,1,angry,test
03-01-05-02-02-01-02,2,angry,test
03-01-05-02-02-01-03,3,angry,train
03-01-05-02-02-01-04,4,angry,train
03-01-05-02-02-01-05,5,angry,train
03-01-05-02-02-01-06,6,angry,train
03-01-05-02-02-01-07,7,angry,train
03-01-05-02-02-01-08,8,angry,train
03-01-05-02-02-01-09,9,angry,test
03-01-05-02-02-01-10,10,angry,train
03-01-05-02-02-01-11,11,angry,train
03-01-05-02-02-01-12,12,angry,test
03-01-05-02-02-01-13,13,angry,test
03-01-05-02-02-01-14,14,angry,test
03-01-05-02-02-01-15,15,angry,test
03-01-05-02-02-01-16,16,angry,test
03-01-05-02-02-01-17,17,angry,train
03-01-05-02-02-01-18,18,angry,test
03-01-05-02-02-01-19,19,angry,train
03-01-05-02-02-01-20,20,angry,test
03-01-05-02-02-01-21,21,angry,train
03-01-05-02-02-01-22,22,angry,test
03-01-05-02-02-01-23,23,angry,train
03-01-05-02-02-01-24,24,angry,train
03-01-05-02-02-02-01,1,angry,train
03-01-05-02-02-02-02,2,angry,train
03-01-05-02-02-02-03,3,angry,train
03-01-05-02-02-02-04,4,angry,train
03-01-05-02-02-02-05,5,angry,test
03-01-05-02-02-02-06,6,angry,train
03-01-05-02-02-02-07,7,angry,train
03-01-05-02-02-02-08,8,angry,train
03-01-05-02-02-02-09,9,angry,train
03-01-05-02-02-02-10,10,angry,train
03-01-05-02-02-02-11,11,angry,train
03-01-05-02-02-02-12,12,angry,test
03-01-05-02-02-02-13,13,angry,train
03-01-05-02-02-02-14,14,angry,test
03-01-05-02-02-02-15,15,angry,train
03-01-05-02-02-02-16,16,angry,train
03-01-05-02-02-02-17,17,angry,train
03-01-05-02-02-02-18,18,angry,train
03-01-05-02-02-02-19,19,angry,train
03-01-05-02-02-02-20,20,angry,train
03-01-05-02-02-02-21,21,angry,test
03-01-05-02-02-02-22,22,angry,test
03-01-05-02-02-02-23,23,angry,train
03-01-05-02-02-02-24,24,angry,train
